timestamp,plant_id,soil_moisture_pct,temperature_c,humidity_pct,watered
2024-06-01T06:00:00,plant_b,74.7,38.03,41.79,0
2024-06-01T06:30:00,plant_b,75.58,38.39,38.55,0
2024-06-01T07:00:00,plant_b,74.98,38.59,39.63,0
2024-06-01T07:30:00,plant_b,74.56,38.94,41.19,0
2024-06-01T08:00:00,plant_b,75.04,38.95,38.17,0
2024-06-01T08:30:00,plant_b,72.84,38.95,41.41,0
2024-06-01T09:00:00,plant_b,73.92,38.66,40.75,0
2024-06-01T09:30:00,plant_b,71.92,38.32,41.53,0
2024-06-01T10:00:00,plant_b,74.5,38.0,42.52,0
2024-06-01T10:30:00,plant_b,73.53,37.98,41.74,0
2024-06-01T11:00:00,plant_b,73.69,36.54,41.2,0
2024-06-01T11:30:00,plant_b,72.06,36.19,48.41,0
2024-06-01T12:00:00,plant_b,73.36,35.41,50.54,0
2024-06-01T12:30:00,plant_b,71.14,35.16,51.18,0
2024-06-01T13:00:00,plant_b,72.25,34.78,55.05,0
2024-06-01T13:30:00,plant_b,72.32,33.95,57.38,0
2024-06-01T14:00:00,plant_b,70.94,32.62,58.57,0
2024-06-01T14:30:00,plant_b,72.08,32.02,65.39,0
2024-06-01T15:00:00,plant_b,70.3,30.91,65.6,0
2024-06-01T15:30:00,plant_b,72.81,30.81,68.18,0
2024-06-01T16:00:00,plant_b,72.64,29.86,67.14,0
2024-06-01T16:30:00,plant_b,70.12,29.63,69.28,0
2024-06-01T17:00:00,plant_b,70.65,28.76,72.94,0
2024-06-01T17:30:00,plant_b,71.34,28.37,78.62,0
2024-06-01T18:00:00,plant_b,71.09,27.46,75.75,0
2024-06-01T18:30:00,plant_b,69.24,27.74,76.9,0
2024-06-01T19:00:00,plant_b,70.05,27.41,77.51,0
2024-06-01T19:30:00,plant_b,69.7,26.22,77.48,0
2024-06-01T20:00:00,plant_b,94.32,27.07,81.06,1
2024-06-01T20:30:00,plant_b,94.91,27.06,79.35,0
2024-06-01T21:00:00,plant_b,95.0,27.46,79.0,0
2024-06-01T21:30:00,plant_b,93.62,27.72,78.32,0
2024-06-01T22:00:00,plant_b,95.0,27.69,79.52,0
2024-06-01T22:30:00,plant_b,94.33,28.78,75.31,0
2024-06-01T23:00:00,plant_b,94.12,28.21,73.19,0
2024-06-01T23:30:00,plant_b,95.0,29.58,72.48,0
2024-06-02T00:00:00,plant_b,91.73,28.0,68.13,0
2024-06-02T00:30:00,plant_b,93.8,28.16,64.94,0
2024-06-02T01:00:00,plant_b,95.0,28.74,61.83,0
2024-06-02T01:30:00,plant_b,95.0,29.75,59.36,0
2024-06-02T02:00:00,plant_b,94.2,30.21,57.62,0
2024-06-02T02:30:00,plant_b,92.51,31.85,54.69,0
2024-06-02T03:00:00,plant_b,95.0,32.38,54.17,0
2024-06-02T03:30:00,plant_b,92.15,32.96,50.12,0
2024-06-02T04:00:00,plant_b,95.0,33.04,48.78,0
2024-06-02T04:30:00,plant_b,94.17,34.98,46.19,0
2024-06-02T05:00:00,plant_b,93.4,34.75,41.28,0
2024-06-02T05:30:00,plant_b,93.45,35.39,44.46,0
2024-06-02T06:00:00,plant_b,92.35,36.04,37.62,0
2024-06-02T06:30:00,plant_b,92.47,36.36,40.05,0
2024-06-02T07:00:00,plant_b,94.53,36.49,36.3,0
2024-06-02T07:30:00,plant_b,93.18,36.87,38.2,0
2024-06-02T08:00:00,plant_b,91.62,37.16,37.42,0
2024-06-02T08:30:00,plant_b,93.11,37.17,38.38,0
2024-06-02T09:00:00,plant_b,92.42,37.37,38.34,0
2024-06-02T09:30:00,plant_b,91.52,36.3,41.04,0
2024-06-02T10:00:00,plant_b,91.8,36.12,41.77,0
2024-06-02T10:30:00,plant_b,90.83,34.78,41.87,0
2024-06-02T11:00:00,plant_b,91.5,34.71,44.46,0
2024-06-02T11:30:00,plant_b,91.73,33.97,45.89,0
2024-06-02T12:00:00,plant_b,90.54,33.12,47.97,0
2024-06-02T12:30:00,plant_b,90.49,32.71,50.42,0
2024-06-02T13:00:00,plant_b,90.91,32.03,52.72,0
2024-06-02T13:30:00,plant_b,91.33,31.21,55.25,0
2024-06-02T14:00:00,plant_b,89.9,31.62,54.5,0
2024-06-02T14:30:00,plant_b,90.53,29.81,59.75,0
2024-06-02T15:00:00,plant_b,91.78,29.15,65.83,0
2024-06-02T15:30:00,plant_b,88.78,28.56,64.21,0
2024-06-02T16:00:00,plant_b,88.31,27.74,66.87,0
2024-06-02T16:30:00,plant_b,89.22,26.22,72.47,0
2024-06-02T17:00:00,plant_b,88.62,27.17,69.92,0
2024-06-02T17:30:00,plant_b,89.04,27.22,71.86,0
2024-06-02T18:00:00,plant_b,86.77,25.3,75.32,0
2024-06-02T18:30:00,plant_b,89.28,25.68,75.38,0
2024-06-02T19:00:00,plant_b,86.43,24.74,78.47,0
2024-06-02T19:30:00,plant_b,88.82,23.98,77.07,0
2024-06-02T20:00:00,plant_b,89.86,25.56,78.14,0
2024-06-02T20:30:00,plant_b,88.49,24.27,75.86,0
2024-06-02T21:00:00,plant_b,88.13,25.12,77.48,0
2024-06-02T21:30:00,plant_b,87.45,24.71,74.6,0
2024-06-02T22:00:00,plant_b,86.6,25.77,71.14,0
2024-06-02T22:30:00,plant_b,87.55,26.13,75.44,0
2024-06-02T23:00:00,plant_b,88.01,26.87,70.84,0
2024-06-02T23:30:00,plant_b,87.0,26.79,71.76,0
2024-06-03T00:00:00,plant_b,88.97,28.1,78.51,0
2024-06-03T00:30:00,plant_b,87.61,28.86,71.63,0
2024-06-03T01:00:00,plant_b,87.26,30.28,70.95,0
2024-06-03T01:30:00,plant_b,85.72,29.96,66.77,0
2024-06-03T02:00:00,plant_b,88.21,30.37,60.13,0
2024-06-03T02:30:00,plant_b,84.86,31.66,60.75,0
2024-06-03T03:00:00,plant_b,87.44,32.15,56.5,0
2024-06-03T03:30:00,plant_b,84.47,33.33,56.42,0
2024-06-03T04:00:00,plant_b,87.96,34.22,53.23,0
2024-06-03T04:30:00,plant_b,88.27,34.5,50.35,0
2024-06-03T05:00:00,plant_b,85.9,34.91,46.13,0
2024-06-03T05:30:00,plant_b,86.59,35.77,47.11,0
2024-06-03T06:00:00,plant_b,85.42,36.25,48.77,0
2024-06-03T06:30:00,plant_b,86.18,36.25,44.15,0
2024-06-03T07:00:00,plant_b,85.9,36.2,44.01,0
2024-06-03T07:30:00,plant_b,85.89,37.59,45.1,0
2024-06-03T08:00:00,plant_b,86.89,36.62,44.52,0
2024-06-03T08:30:00,plant_b,84.09,36.98,44.32,0
2024-06-03T09:00:00,plant_b,84.34,37.5,45.05,0
2024-06-03T09:30:00,plant_b,82.78,36.67,44.43,0
2024-06-03T10:00:00,plant_b,84.85,36.29,46.78,0
2024-06-03T10:30:00,plant_b,82.18,35.2,48.81,0
2024-06-03T11:00:00,plant_b,85.97,35.91,52.08,0
2024-06-03T11:30:00,plant_b,81.72,34.87,48.47,0
2024-06-03T12:00:00,plant_b,85.9,34.01,51.81,0
2024-06-03T12:30:00,plant_b,86.15,33.46,53.03,0
2024-06-03T13:00:00,plant_b,83.87,32.17,58.51,0
2024-06-03T13:30:00,plant_b,82.74,32.24,58.77,0
2024-06-03T14:00:00,plant_b,83.47,31.63,62.28,0
2024-06-03T14:30:00,plant_b,83.13,30.2,65.09,0
2024-06-03T15:00:00,plant_b,83.46,29.39,67.28,0
2024-06-03T15:30:00,plant_b,84.61,28.93,70.92,0
2024-06-03T16:00:00,plant_b,81.56,27.59,75.36,0
2024-06-03T16:30:00,plant_b,81.99,27.44,75.42,0
2024-06-03T17:00:00,plant_b,82.75,26.62,78.8,0
2024-06-03T17:30:00,plant_b,81.65,26.48,80.39,0
2024-06-03T18:00:00,plant_b,81.61,25.37,79.43,0
2024-06-03T18:30:00,plant_b,80.75,24.97,83.29,0
2024-06-03T19:00:00,plant_b,81.48,25.74,86.25,0
2024-06-03T19:30:00,plant_b,81.48,24.34,82.77,0
2024-06-03T20:00:00,plant_b,81.28,24.31,83.14,0
2024-06-03T20:30:00,plant_b,81.65,24.77,82.19,0
2024-06-03T21:00:00,plant_b,80.35,25.83,82.6,0
2024-06-03T21:30:00,plant_b,80.21,25.21,83.43,0
2024-06-03T22:00:00,plant_b,80.35,25.9,81.93,0
2024-06-03T22:30:00,plant_b,82.04,26.71,78.56,0
2024-06-03T23:00:00,plant_b,82.47,26.35,77.06,0
2024-06-03T23:30:00,plant_b,82.52,27.58,75.7,0
2024-06-04T00:00:00,plant_b,79.53,28.79,69.28,0
2024-06-04T00:30:00,plant_b,79.73,29.01,68.25,0
2024-06-04T01:00:00,plant_b,78.16,30.15,65.66,0
2024-06-04T01:30:00,plant_b,79.88,31.19,63.75,0
2024-06-04T02:00:00,plant_b,79.73,31.3,61.27,0
2024-06-04T02:30:00,plant_b,78.52,32.21,56.67,0
2024-06-04T03:00:00,plant_b,80.29,33.2,55.11,0
2024-06-04T03:30:00,plant_b,81.45,33.95,52.1,0
2024-06-04T04:00:00,plant_b,78.51,34.85,51.02,0
2024-06-04T04:30:00,plant_b,81.58,34.92,48.09,0
2024-06-04T05:00:00,plant_b,79.64,35.77,46.1,0
2024-06-04T05:30:00,plant_b,77.53,36.65,45.34,0
2024-06-04T06:00:00,plant_b,80.82,37.66,42.43,0
2024-06-04T06:30:00,plant_b,79.28,37.11,44.66,0
2024-06-04T07:00:00,plant_b,77.09,37.55,38.7,0
2024-06-04T07:30:00,plant_b,75.91,36.7,38.33,0
2024-06-04T08:00:00,plant_b,80.12,37.22,39.89,0
2024-06-04T08:30:00,plant_b,77.25,37.76,38.75,0
2024-06-04T09:00:00,plant_b,80.03,36.96,39.76,0
2024-06-04T09:30:00,plant_b,78.39,37.12,43.89,0
2024-06-04T10:00:00,plant_b,78.18,36.28,42.07,0
2024-06-04T10:30:00,plant_b,77.13,36.61,44.94,0
2024-06-04T11:00:00,plant_b,77.45,36.15,45.29,0
2024-06-04T11:30:00,plant_b,77.21,35.29,50.34,0
2024-06-04T12:00:00,plant_b,77.03,34.42,48.66,0
2024-06-04T12:30:00,plant_b,77.75,33.62,53.09,0
2024-06-04T13:00:00,plant_b,74.42,33.53,53.05,0
2024-06-04T13:30:00,plant_b,75.55,32.77,55.61,0
2024-06-04T14:00:00,plant_b,76.18,31.59,58.73,0
2024-06-04T14:30:00,plant_b,77.68,31.38,59.88,0
2024-06-04T15:00:00,plant_b,74.13,30.33,63.45,0
2024-06-04T15:30:00,plant_b,75.22,29.32,68.92,0
2024-06-04T16:00:00,plant_b,75.24,28.6,69.06,0
2024-06-04T16:30:00,plant_b,76.9,27.71,72.91,0
2024-06-04T17:00:00,plant_b,74.58,27.36,74.12,0
2024-06-04T17:30:00,plant_b,74.86,26.4,77.29,0
2024-06-04T18:00:00,plant_b,76.63,26.46,78.65,0
2024-06-04T18:30:00,plant_b,75.83,26.39,79.16,0
2024-06-04T19:00:00,plant_b,74.98,26.11,79.65,0
2024-06-04T19:30:00,plant_b,73.47,25.62,77.22,0
2024-06-04T20:00:00,plant_b,74.55,25.73,82.08,0
2024-06-04T20:30:00,plant_b,74.68,25.99,80.05,0
2024-06-04T21:00:00,plant_b,73.21,25.2,78.09,0
2024-06-04T21:30:00,plant_b,72.76,26.27,78.39,0
2024-06-04T22:00:00,plant_b,75.04,26.4,79.11,0
2024-06-04T22:30:00,plant_b,75.6,26.54,75.68,0
2024-06-04T23:00:00,plant_b,73.66,26.67,75.38,0
2024-06-04T23:30:00,plant_b,75.7,27.91,71.66,0
2024-06-05T00:00:00,plant_b,75.46,28.91,72.6,0
2024-06-05T00:30:00,plant_b,74.19,30.33,72.07,0
2024-06-05T01:00:00,plant_b,75.06,31.19,67.38,0
2024-06-05T01:30:00,plant_b,73.31,31.86,62.98,0
2024-06-05T02:00:00,plant_b,75.3,33.26,63.53,0
2024-06-05T02:30:00,plant_b,72.21,34.47,62.69,0
2024-06-05T03:00:00,plant_b,73.62,34.04,55.86,0
2024-06-05T03:30:00,plant_b,73.77,34.78,54.63,0
2024-06-05T04:00:00,plant_b,74.45,35.25,55.34,0
2024-06-05T04:30:00,plant_b,74.9,36.01,48.04,0
2024-06-05T05:00:00,plant_b,72.56,36.68,47.79,0
2024-06-05T05:30:00,plant_b,69.67,37.52,49.17,0
2024-06-05T06:00:00,plant_b,71.31,37.94,42.78,0
2024-06-05T06:30:00,plant_b,73.27,38.3,46.77,0
2024-06-05T07:00:00,plant_b,72.61,38.5,43.84,0
2024-06-05T07:30:00,plant_b,71.59,38.26,42.96,0
2024-06-05T08:00:00,plant_b,71.81,38.92,42.9,0
2024-06-05T08:30:00,plant_b,71.22,38.97,45.11,0
2024-06-05T09:00:00,plant_b,70.31,39.34,42.65,0
2024-06-05T09:30:00,plant_b,70.51,39.37,44.09,0
2024-06-05T10:00:00,plant_b,72.87,38.37,42.49,0
2024-06-05T10:30:00,plant_b,71.15,37.4,44.45,0
2024-06-05T11:00:00,plant_b,68.66,37.14,49.08,0
2024-06-05T11:30:00,plant_b,71.03,36.38,48.96,0
2024-06-05T12:00:00,plant_b,69.15,35.63,50.78,0
2024-06-05T12:30:00,plant_b,69.87,35.14,53.33,0
2024-06-05T13:00:00,plant_b,94.72,34.1,57.15,1
2024-06-05T13:30:00,plant_b,95.0,33.71,60.43,0
2024-06-05T14:00:00,plant_b,92.59,32.7,62.75,0
2024-06-05T14:30:00,plant_b,95.0,31.43,65.18,0
2024-06-05T15:00:00,plant_b,95.0,31.23,67.37,0
2024-06-05T15:30:00,plant_b,94.53,30.65,71.0,0
2024-06-05T16:00:00,plant_b,93.9,29.91,71.16,0
2024-06-05T16:30:00,plant_b,93.44,29.7,74.2,0
2024-06-05T17:00:00,plant_b,93.29,28.41,77.65,0
2024-06-05T17:30:00,plant_b,92.33,28.46,76.79,0
2024-06-05T18:00:00,plant_b,91.96,27.74,79.85,0
2024-06-05T18:30:00,plant_b,93.48,27.73,80.19,0
2024-06-05T19:00:00,plant_b,93.55,26.69,83.54,0
2024-06-05T19:30:00,plant_b,93.69,27.12,82.44,0
2024-06-05T20:00:00,plant_b,91.92,26.72,83.08,0
2024-06-05T20:30:00,plant_b,92.77,26.95,80.12,0
2024-06-05T21:00:00,plant_b,92.96,26.78,80.03,0
2024-06-05T21:30:00,plant_b,92.51,26.57,81.86,0
2024-06-05T22:00:00,plant_b,93.68,27.63,78.16,0
2024-06-05T22:30:00,plant_b,91.49,28.03,74.56,0
2024-06-05T23:00:00,plant_b,92.81,28.87,76.01,0
2024-06-05T23:30:00,plant_b,91.98,29.27,75.03,0
2024-06-06T00:00:00,plant_b,93.76,28.8,65.54,0
2024-06-06T00:30:00,plant_b,91.77,29.57,66.56,0
2024-06-06T01:00:00,plant_b,91.81,29.82,60.45,0
2024-06-06T01:30:00,plant_b,89.56,31.14,57.15,0
2024-06-06T02:00:00,plant_b,90.47,31.01,54.9,0
2024-06-06T02:30:00,plant_b,92.5,32.05,51.34,0
2024-06-06T03:00:00,plant_b,91.91,33.21,52.05,0
2024-06-06T03:30:00,plant_b,92.46,34.09,46.98,0
2024-06-06T04:00:00,plant_b,91.3,35.0,45.7,0
2024-06-06T04:30:00,plant_b,89.6,35.89,43.78,0
2024-06-06T05:00:00,plant_b,90.7,36.04,43.98,0
2024-06-06T05:30:00,plant_b,91.39,36.42,41.73,0
2024-06-06T06:00:00,plant_b,93.52,37.55,40.27,0
2024-06-06T06:30:00,plant_b,89.46,38.84,36.3,0
2024-06-06T07:00:00,plant_b,90.21,37.31,39.7,0
2024-06-06T07:30:00,plant_b,91.0,37.17,37.15,0
2024-06-06T08:00:00,plant_b,90.97,37.67,34.75,0
2024-06-06T08:30:00,plant_b,89.26,37.57,36.78,0
2024-06-06T09:00:00,plant_b,89.31,37.89,35.83,0
2024-06-06T09:30:00,plant_b,87.65,37.04,40.12,0
2024-06-06T10:00:00,plant_b,88.83,37.93,39.99,0
2024-06-06T10:30:00,plant_b,87.91,36.22,41.07,0
2024-06-06T11:00:00,plant_b,87.67,36.99,40.95,0
2024-06-06T11:30:00,plant_b,89.68,36.03,44.24,0
2024-06-06T12:00:00,plant_b,87.44,34.69,47.12,0
2024-06-06T12:30:00,plant_b,89.46,34.11,46.82,0
2024-06-06T13:00:00,plant_b,88.24,33.08,48.13,0
2024-06-06T13:30:00,plant_b,87.13,32.01,54.85,0
2024-06-06T14:00:00,plant_b,90.09,32.54,55.72,0
2024-06-06T14:30:00,plant_b,86.99,31.29,60.78,0
2024-06-06T15:00:00,plant_b,86.86,30.19,65.06,0
2024-06-06T15:30:00,plant_b,87.04,29.31,64.41,0
2024-06-06T16:00:00,plant_b,87.69,28.39,66.2,0
2024-06-06T16:30:00,plant_b,85.43,28.03,71.57,0
2024-06-06T17:00:00,plant_b,87.57,27.52,69.32,0
2024-06-06T17:30:00,plant_b,86.17,27.46,71.6,0
2024-06-06T18:00:00,plant_b,88.16,26.05,73.46,0
2024-06-06T18:30:00,plant_b,88.4,25.45,76.84,0
2024-06-06T19:00:00,plant_b,83.99,25.96,75.64,0
2024-06-06T19:30:00,plant_b,87.11,24.59,73.53,0
2024-06-06T20:00:00,plant_b,85.37,25.81,75.24,0
2024-06-06T20:30:00,plant_b,85.72,25.37,75.8,0
2024-06-06T21:00:00,plant_b,84.91,26.1,76.77,0
2024-06-06T21:30:00,plant_b,87.6,25.99,74.58,0
2024-06-06T22:00:00,plant_b,85.9,26.48,73.82,0
2024-06-06T22:30:00,plant_b,83.94,27.18,71.07,0
2024-06-06T23:00:00,plant_b,84.64,26.92,72.46,0
2024-06-06T23:30:00,plant_b,85.59,28.6,69.16,0
2024-06-07T00:00:00,plant_b,83.59,29.59,69.4,0
2024-06-07T00:30:00,plant_b,84.59,30.29,65.64,0
2024-06-07T01:00:00,plant_b,85.17,31.06,62.95,0
2024-06-07T01:30:00,plant_b,84.68,31.2,61.62,0
2024-06-07T02:00:00,plant_b,84.16,33.54,56.53,0
2024-06-07T02:30:00,plant_b,83.11,34.28,53.27,0
2024-06-07T03:00:00,plant_b,84.12,34.81,52.59,0
2024-06-07T03:30:00,plant_b,82.77,35.39,50.31,0
2024-06-07T04:00:00,plant_b,86.17,36.26,52.81,0
2024-06-07T04:30:00,plant_b,82.53,36.66,44.48,0
2024-06-07T05:00:00,plant_b,85.77,37.59,45.25,0
2024-06-07T05:30:00,plant_b,83.33,37.48,39.35,0
2024-06-07T06:00:00,plant_b,86.18,38.42,40.55,0
2024-06-07T06:30:00,plant_b,85.12,38.86,41.24,0
2024-06-07T07:00:00,plant_b,81.9,38.53,39.23,0
2024-06-07T07:30:00,plant_b,84.11,39.35,36.92,0
2024-06-07T08:00:00,plant_b,83.66,39.9,39.3,0
2024-06-07T08:30:00,plant_b,84.36,38.96,39.58,0
2024-06-07T09:00:00,plant_b,85.29,38.86,40.78,0
2024-06-07T09:30:00,plant_b,81.87,38.8,41.14,0
2024-06-07T10:00:00,plant_b,81.81,38.66,39.92,0
2024-06-07T10:30:00,plant_b,81.52,37.78,45.29,0
2024-06-07T11:00:00,plant_b,82.64,37.64,43.02,0
2024-06-07T11:30:00,plant_b,82.14,36.2,45.23,0
2024-06-07T12:00:00,plant_b,82.82,36.0,50.44,0
2024-06-07T12:30:00,plant_b,81.35,35.24,52.52,0
2024-06-07T13:00:00,plant_b,80.6,33.96,55.03,0
2024-06-07T13:30:00,plant_b,81.65,32.94,55.71,0
2024-06-07T14:00:00,plant_b,80.46,33.72,57.16,0
2024-06-07T14:30:00,plant_b,80.04,31.87,59.29,0
2024-06-07T15:00:00,plant_b,79.7,30.89,61.89,0
2024-06-07T15:30:00,plant_b,78.43,30.12,63.57,0
2024-06-07T16:00:00,plant_b,79.56,29.75,66.42,0
2024-06-07T16:30:00,plant_b,80.6,29.35,69.79,0
2024-06-07T17:00:00,plant_b,79.31,29.41,72.76,0
2024-06-07T17:30:00,plant_b,80.3,27.23,73.14,0
2024-06-07T18:00:00,plant_b,77.0,27.65,76.14,0
2024-06-07T18:30:00,plant_b,78.69,27.68,75.2,0
2024-06-07T19:00:00,plant_b,80.09,26.6,77.18,0
2024-06-07T19:30:00,plant_b,79.81,27.29,77.9,0
2024-06-07T20:00:00,plant_b,81.56,26.85,77.58,0
2024-06-07T20:30:00,plant_b,75.86,27.78,77.53,0
2024-06-07T21:00:00,plant_b,77.7,27.75,79.43,0
2024-06-07T21:30:00,plant_b,79.2,26.9,77.36,0
2024-06-07T22:00:00,plant_b,78.29,27.36,77.14,0
2024-06-07T22:30:00,plant_b,76.44,28.49,74.81,0
2024-06-07T23:00:00,plant_b,81.43,28.91,69.31,0
2024-06-07T23:30:00,plant_b,77.94,29.39,70.97,0
2024-06-08T00:00:00,plant_b,80.0,29.62,71.61,0
2024-06-08T00:30:00,plant_b,79.86,31.73,72.55,0
2024-06-08T01:00:00,plant_b,78.1,32.29,69.85,0
2024-06-08T01:30:00,plant_b,79.88,32.91,65.95,0
2024-06-08T02:00:00,plant_b,77.37,32.83,63.58,0
2024-06-08T02:30:00,plant_b,77.78,34.18,58.62,0
2024-06-08T03:00:00,plant_b,77.6,35.05,55.39,0
2024-06-08T03:30:00,plant_b,78.03,35.8,54.33,0
2024-06-08T04:00:00,plant_b,76.93,36.72,54.91,0
2024-06-08T04:30:00,plant_b,76.97,37.55,51.26,0
2024-06-08T05:00:00,plant_b,74.39,37.35,47.01,0
2024-06-08T05:30:00,plant_b,78.38,38.24,46.95,0
2024-06-08T06:00:00,plant_b,78.08,38.24,43.66,0
2024-06-08T06:30:00,plant_b,75.71,38.88,43.45,0
2024-06-08T07:00:00,plant_b,77.24,38.91,44.14,0
2024-06-08T07:30:00,plant_b,77.97,39.97,43.34,0
2024-06-08T08:00:00,plant_b,76.92,39.68,43.02,0
2024-06-08T08:30:00,plant_b,75.72,39.87,44.85,0
2024-06-08T09:00:00,plant_b,78.68,39.22,43.27,0
2024-06-08T09:30:00,plant_b,76.61,38.95,44.55,0
2024-06-08T10:00:00,plant_b,75.75,38.53,47.42,0
2024-06-08T10:30:00,plant_b,75.88,38.19,47.56,0
2024-06-08T11:00:00,plant_b,75.64,37.77,47.86,0
2024-06-08T11:30:00,plant_b,73.77,37.05,48.22,0
2024-06-08T12:00:00,plant_b,75.26,35.94,53.48,0
2024-06-08T12:30:00,plant_b,75.68,35.82,54.3,0
2024-06-08T13:00:00,plant_b,75.06,34.17,55.28,0
2024-06-08T13:30:00,plant_b,74.17,34.33,59.37,0
2024-06-08T14:00:00,plant_b,72.93,33.46,61.42,0
2024-06-08T14:30:00,plant_b,72.65,32.76,64.4,0
2024-06-08T15:00:00,plant_b,75.17,32.12,68.38,0
2024-06-08T15:30:00,plant_b,73.93,30.77,68.35,0
2024-06-08T16:00:00,plant_b,71.61,31.56,70.48,0
2024-06-08T16:30:00,plant_b,72.96,29.61,73.86,0
2024-06-08T17:00:00,plant_b,72.36,28.42,74.75,0
2024-06-08T17:30:00,plant_b,71.25,28.6,76.94,0
2024-06-08T18:00:00,plant_b,71.97,28.3,78.55,0
2024-06-08T18:30:00,plant_b,73.8,27.71,80.92,0
2024-06-08T19:00:00,plant_b,70.99,27.87,80.81,0
2024-06-08T19:30:00,plant_b,72.99,27.59,81.67,0
2024-06-08T20:00:00,plant_b,72.68,27.25,84.12,0
2024-06-08T20:30:00,plant_b,73.48,27.65,80.16,0
2024-06-08T21:00:00,plant_b,70.98,27.35,81.05,0
2024-06-08T21:30:00,plant_b,72.8,27.51,82.35,0
2024-06-08T22:00:00,plant_b,72.22,27.41,78.71,0
2024-06-08T22:30:00,plant_b,69.08,28.35,77.15,0
2024-06-08T23:00:00,plant_b,71.43,29.03,75.65,0
2024-06-08T23:30:00,plant_b,71.42,30.36,76.1,0
2024-06-09T00:00:00,plant_b,70.64,32.49,67.08,0
2024-06-09T00:30:00,plant_b,70.9,33.3,63.81,0
2024-06-09T01:00:00,plant_b,72.45,32.93,64.48,0
2024-06-09T01:30:00,plant_b,71.42,34.88,60.91,0
2024-06-09T02:00:00,plant_b,71.42,35.24,59.14,0
2024-06-09T02:30:00,plant_b,70.4,35.75,57.05,0
2024-06-09T03:00:00,plant_b,72.32,36.16,53.67,0
2024-06-09T03:30:00,plant_b,71.52,37.22,51.58,0
2024-06-09T04:00:00,plant_b,70.99,37.71,48.32,0
2024-06-09T04:30:00,plant_b,71.41,38.2,49.09,0
2024-06-09T05:00:00,plant_b,71.02,38.72,45.8,0
2024-06-09T05:30:00,plant_b,70.83,40.05,45.39,0
2024-06-09T06:00:00,plant_b,70.07,39.9,41.29,0
2024-06-09T06:30:00,plant_b,69.19,40.23,41.46,0
2024-06-09T07:00:00,plant_b,70.24,40.59,39.09,0
2024-06-09T07:30:00,plant_b,70.47,40.74,38.13,0
2024-06-09T08:00:00,plant_b,94.82,40.88,37.91,1
2024-06-09T08:30:00,plant_b,95.0,41.27,39.75,0
2024-06-09T09:00:00,plant_b,94.78,40.99,40.15,0
2024-06-09T09:30:00,plant_b,95.0,41.19,41.16,0
2024-06-09T10:00:00,plant_b,94.73,40.53,41.69,0
2024-06-09T10:30:00,plant_b,92.63,40.11,41.3,0
2024-06-09T11:00:00,plant_b,95.0,39.58,45.66,0
2024-06-09T11:30:00,plant_b,93.6,39.34,45.92,0
2024-06-09T12:00:00,plant_b,91.92,37.75,49.12,0
2024-06-09T12:30:00,plant_b,91.88,37.35,52.07,0
2024-06-09T13:00:00,plant_b,91.89,37.18,52.25,0
2024-06-09T13:30:00,plant_b,91.12,35.92,56.59,0
2024-06-09T14:00:00,plant_b,92.94,34.74,57.97,0
2024-06-09T14:30:00,plant_b,91.46,33.93,62.91,0
2024-06-09T15:00:00,plant_b,91.46,33.74,65.57,0
2024-06-09T15:30:00,plant_b,93.1,33.05,68.35,0
2024-06-09T16:00:00,plant_b,92.6,31.78,69.12,0
2024-06-09T16:30:00,plant_b,89.32,31.45,70.68,0
2024-06-09T17:00:00,plant_b,91.85,30.96,71.63,0
2024-06-09T17:30:00,plant_b,90.01,30.09,74.61,0
2024-06-09T18:00:00,plant_b,91.3,29.33,76.91,0
2024-06-09T18:30:00,plant_b,88.96,28.58,79.07,0
2024-06-09T19:00:00,plant_b,89.32,28.97,76.71,0
2024-06-09T19:30:00,plant_b,89.11,28.88,78.73,0
2024-06-09T20:00:00,plant_b,91.91,29.17,79.12,0
2024-06-09T20:30:00,plant_b,91.57,29.49,79.96,0
2024-06-09T21:00:00,plant_b,90.12,29.6,81.49,0
2024-06-09T21:30:00,plant_b,91.36,30.15,79.38,0
2024-06-09T22:00:00,plant_b,91.54,29.36,75.17,0
2024-06-09T22:30:00,plant_b,90.43,29.56,74.49,0
2024-06-09T23:00:00,plant_b,91.51,30.48,74.46,0
2024-06-09T23:30:00,plant_b,88.82,31.14,73.23,0
2024-06-10T00:00:00,plant_b,90.56,30.59,75.46,0
2024-06-10T00:30:00,plant_b,91.75,30.83,72.53,0
2024-06-10T01:00:00,plant_b,89.33,31.91,68.1,0
2024-06-10T01:30:00,plant_b,91.23,32.24,66.19,0
2024-06-10T02:00:00,plant_b,90.44,33.8,62.59,0
2024-06-10T02:30:00,plant_b,90.89,33.97,62.01,0
2024-06-10T03:00:00,plant_b,89.99,34.47,58.34,0
2024-06-10T03:30:00,plant_b,89.65,35.63,54.14,0
2024-06-10T04:00:00,plant_b,89.03,35.9,55.44,0
2024-06-10T04:30:00,plant_b,87.84,36.86,52.44,0
2024-06-10T05:00:00,plant_b,89.77,38.01,51.03,0
2024-06-10T05:30:00,plant_b,88.56,37.82,48.3,0
2024-06-10T06:00:00,plant_b,89.77,38.54,43.68,0
2024-06-10T06:30:00,plant_b,90.16,39.25,42.36,0
2024-06-10T07:00:00,plant_b,89.46,38.69,42.86,0
2024-06-10T07:30:00,plant_b,87.01,39.17,41.82,0
2024-06-10T08:00:00,plant_b,87.45,39.76,43.34,0
2024-06-10T08:30:00,plant_b,88.76,39.86,42.51,0
2024-06-10T09:00:00,plant_b,87.9,39.49,46.14,0
2024-06-10T09:30:00,plant_b,88.68,39.57,45.95,0
2024-06-10T10:00:00,plant_b,88.66,37.96,46.9,0
2024-06-10T10:30:00,plant_b,87.43,38.26,46.24,0
2024-06-10T11:00:00,plant_b,86.44,37.88,50.02,0
2024-06-10T11:30:00,plant_b,84.93,37.21,49.89,0
2024-06-10T12:00:00,plant_b,85.36,36.63,52.41,0
2024-06-10T12:30:00,plant_b,85.49,35.46,55.67,0
2024-06-10T13:00:00,plant_b,86.04,34.59,56.46,0
2024-06-10T13:30:00,plant_b,85.62,34.42,58.72,0
2024-06-10T14:00:00,plant_b,86.21,33.14,66.99,0
2024-06-10T14:30:00,plant_b,84.29,32.38,65.8,0
2024-06-10T15:00:00,plant_b,84.14,32.25,70.78,0
2024-06-10T15:30:00,plant_b,84.58,31.25,69.78,0
2024-06-10T16:00:00,plant_b,84.87,31.05,74.24,0
2024-06-10T16:30:00,plant_b,83.62,30.44,76.82,0
2024-06-10T17:00:00,plant_b,85.14,28.97,77.14,0
2024-06-10T17:30:00,plant_b,83.46,28.9,78.29,0
2024-06-10T18:00:00,plant_b,81.61,28.65,80.51,0
2024-06-10T18:30:00,plant_b,85.47,27.88,81.66,0
2024-06-10T19:00:00,plant_b,85.42,27.83,82.65,0
2024-06-10T19:30:00,plant_b,87.85,27.46,82.98,0
2024-06-10T20:00:00,plant_b,86.0,27.15,81.34,0
2024-06-10T20:30:00,plant_b,82.13,27.74,83.67,0
2024-06-10T21:00:00,plant_b,84.69,27.14,83.73,0
2024-06-10T21:30:00,plant_b,85.19,27.89,81.43,0
2024-06-10T22:00:00,plant_b,84.52,28.43,81.19,0
2024-06-10T22:30:00,plant_b,82.38,28.64,76.95,0
2024-06-10T23:00:00,plant_b,84.41,29.44,76.9,0
2024-06-10T23:30:00,plant_b,83.98,29.2,76.36,0
2024-06-11T00:00:00,plant_b,82.94,29.26,68.16,0
2024-06-11T00:30:00,plant_b,82.47,30.39,64.33,0
2024-06-11T01:00:00,plant_b,83.29,30.88,59.8,0
2024-06-11T01:30:00,plant_b,83.84,31.45,60.66,0
2024-06-11T02:00:00,plant_b,82.74,32.07,57.05,0
2024-06-11T02:30:00,plant_b,82.81,32.52,53.59,0
2024-06-11T03:00:00,plant_b,84.27,33.73,50.01,0
2024-06-11T03:30:00,plant_b,83.49,33.77,45.66,0
2024-06-11T04:00:00,plant_b,82.5,35.28,46.82,0
2024-06-11T04:30:00,plant_b,81.31,35.8,42.22,0
2024-06-11T05:00:00,plant_b,82.51,35.81,42.12,0
2024-06-11T05:30:00,plant_b,82.44,36.27,39.84,0
2024-06-11T06:00:00,plant_b,82.95,38.03,36.91,0
2024-06-11T06:30:00,plant_b,82.27,37.26,36.0,0
2024-06-11T07:00:00,plant_b,83.63,38.27,35.97,0
2024-06-11T07:30:00,plant_b,81.81,38.42,36.93,0
2024-06-11T08:00:00,plant_b,84.07,38.45,32.0,0
2024-06-11T08:30:00,plant_b,80.84,37.86,36.36,0
2024-06-11T09:00:00,plant_b,81.01,37.75,35.55,0
2024-06-11T09:30:00,plant_b,82.42,37.99,37.01,0
2024-06-11T10:00:00,plant_b,81.39,37.68,41.07,0
2024-06-11T10:30:00,plant_b,79.09,37.28,39.71,0
2024-06-11T11:00:00,plant_b,81.52,36.38,38.94,0
2024-06-11T11:30:00,plant_b,79.96,35.15,43.99,0
2024-06-11T12:00:00,plant_b,79.62,35.05,44.26,0
2024-06-11T12:30:00,plant_b,78.13,34.17,48.47,0
2024-06-11T13:00:00,plant_b,80.79,34.05,50.61,0
2024-06-11T13:30:00,plant_b,80.55,32.45,54.91,0
2024-06-11T14:00:00,plant_b,78.6,32.31,57.45,0
2024-06-11T14:30:00,plant_b,77.79,31.75,59.09,0
2024-06-11T15:00:00,plant_b,81.31,30.54,63.57,0
2024-06-11T15:30:00,plant_b,79.0,29.45,66.19,0
2024-06-11T16:00:00,plant_b,76.78,28.32,67.77,0
2024-06-11T16:30:00,plant_b,79.17,28.58,68.27,0
2024-06-11T17:00:00,plant_b,79.64,28.25,69.65,0
2024-06-11T17:30:00,plant_b,78.48,26.95,71.52,0
2024-06-11T18:00:00,plant_b,76.21,26.13,72.05,0
2024-06-11T18:30:00,plant_b,78.83,26.23,74.14,0
2024-06-11T19:00:00,plant_b,75.87,26.76,75.81,0
2024-06-11T19:30:00,plant_b,77.77,26.22,74.56,0
2024-06-11T20:00:00,plant_b,75.93,26.55,76.4,0
2024-06-11T20:30:00,plant_b,77.97,25.0,77.98,0
2024-06-11T21:00:00,plant_b,76.39,27.28,75.04,0
2024-06-11T21:30:00,plant_b,76.97,26.93,73.65,0
2024-06-11T22:00:00,plant_b,77.95,26.76,75.75,0
2024-06-11T22:30:00,plant_b,77.82,27.65,71.27,0
2024-06-11T23:00:00,plant_b,76.59,28.09,67.58,0
2024-06-11T23:30:00,plant_b,76.15,28.93,66.76,0
2024-06-12T00:00:00,plant_b,78.22,28.56,71.72,0
2024-06-12T00:30:00,plant_b,75.19,29.71,69.58,0
2024-06-12T01:00:00,plant_b,77.8,30.8,68.29,0
2024-06-12T01:30:00,plant_b,76.56,30.54,65.83,0
2024-06-12T02:00:00,plant_b,74.62,31.64,62.34,0
2024-06-12T02:30:00,plant_b,76.6,33.24,58.62,0
2024-06-12T03:00:00,plant_b,73.91,33.26,56.32,0
2024-06-12T03:30:00,plant_b,75.39,34.68,53.21,0
2024-06-12T04:00:00,plant_b,73.97,35.0,49.51,0
2024-06-12T04:30:00,plant_b,77.6,35.58,46.95,0
2024-06-12T05:00:00,plant_b,76.73,37.01,44.08,0
2024-06-12T05:30:00,plant_b,76.4,36.77,45.63,0
2024-06-12T06:00:00,plant_b,75.6,37.21,42.87,0
2024-06-12T06:30:00,plant_b,76.74,36.82,45.69,0
2024-06-12T07:00:00,plant_b,76.73,37.14,41.91,0
2024-06-12T07:30:00,plant_b,76.44,37.57,41.16,0
2024-06-12T08:00:00,plant_b,74.08,38.28,40.32,0
2024-06-12T08:30:00,plant_b,74.36,37.98,41.09,0
2024-06-12T09:00:00,plant_b,73.14,37.07,39.64,0
2024-06-12T09:30:00,plant_b,72.56,36.67,41.66,0
2024-06-12T10:00:00,plant_b,74.12,37.03,42.67,0
2024-06-12T10:30:00,plant_b,72.32,36.18,43.28,0
2024-06-12T11:00:00,plant_b,71.84,36.34,44.98,0
2024-06-12T11:30:00,plant_b,73.12,35.22,52.7,0
2024-06-12T12:00:00,plant_b,70.72,34.89,50.73,0
2024-06-12T12:30:00,plant_b,71.73,34.24,53.81,0
2024-06-12T13:00:00,plant_b,71.15,33.54,56.64,0
2024-06-12T13:30:00,plant_b,73.78,32.35,60.83,0
2024-06-12T14:00:00,plant_b,71.76,31.03,62.02,0
2024-06-12T14:30:00,plant_b,71.7,30.68,65.24,0
2024-06-12T15:00:00,plant_b,71.04,30.67,66.28,0
2024-06-12T15:30:00,plant_b,72.32,29.79,69.6,0
2024-06-12T16:00:00,plant_b,70.0,29.18,71.26,0
2024-06-12T16:30:00,plant_b,73.48,28.35,74.53,0
2024-06-12T17:00:00,plant_b,70.01,27.41,75.52,0
2024-06-12T17:30:00,plant_b,69.38,26.59,76.94,0
2024-06-12T18:00:00,plant_b,70.57,26.7,80.23,0
2024-06-12T18:30:00,plant_b,70.07,26.54,79.49,0
2024-06-12T19:00:00,plant_b,70.22,26.12,77.45,0
2024-06-12T19:30:00,plant_b,70.44,25.61,79.67,0
2024-06-12T20:00:00,plant_b,68.03,25.64,78.42,0
2024-06-12T20:30:00,plant_b,71.27,25.77,78.54,0
2024-06-12T21:00:00,plant_b,69.36,26.32,79.66,0
2024-06-12T21:30:00,plant_b,69.79,26.12,79.52,0
2024-06-12T22:00:00,plant_b,68.05,26.6,77.72,0
2024-06-12T22:30:00,plant_b,73.6,26.97,76.42,0
2024-06-12T23:00:00,plant_b,71.21,27.51,75.75,0
2024-06-12T23:30:00,plant_b,68.95,28.78,72.47,0
2024-06-13T00:00:00,plant_b,95.0,28.03,65.79,1
2024-06-13T00:30:00,plant_b,94.87,28.52,64.93,0
2024-06-13T01:00:00,plant_b,93.44,29.1,60.01,0
2024-06-13T01:30:00,plant_b,93.73,29.54,60.68,0
2024-06-13T02:00:00,plant_b,95.0,31.62,56.16,0
2024-06-13T02:30:00,plant_b,93.37,30.98,56.05,0
2024-06-13T03:00:00,plant_b,92.4,32.01,50.22,0
2024-06-13T03:30:00,plant_b,95.0,32.47,50.25,0
2024-06-13T04:00:00,plant_b,95.0,33.51,46.95,0
2024-06-13T04:30:00,plant_b,92.03,34.2,43.75,0
2024-06-13T05:00:00,plant_b,90.65,34.99,42.64,0
2024-06-13T05:30:00,plant_b,91.59,34.78,39.26,0
2024-06-13T06:00:00,plant_b,92.86,35.65,37.49,0
2024-06-13T06:30:00,plant_b,92.15,36.25,37.06,0
2024-06-13T07:00:00,plant_b,93.08,36.28,37.62,0
2024-06-13T07:30:00,plant_b,92.86,36.87,36.57,0
2024-06-13T08:00:00,plant_b,93.94,37.08,34.06,0
2024-06-13T08:30:00,plant_b,93.79,37.24,34.96,0
2024-06-13T09:00:00,plant_b,92.45,36.23,37.59,0
2024-06-13T09:30:00,plant_b,92.91,35.86,39.74,0
2024-06-13T10:00:00,plant_b,91.05,35.72,40.46,0
2024-06-13T10:30:00,plant_b,94.2,35.14,41.55,0
2024-06-13T11:00:00,plant_b,91.9,34.19,40.67,0
2024-06-13T11:30:00,plant_b,89.97,34.03,43.45,0
2024-06-13T12:00:00,plant_b,91.22,34.09,46.88,0
2024-06-13T12:30:00,plant_b,94.15,32.78,49.78,0
2024-06-13T13:00:00,plant_b,91.24,32.74,50.5,0
2024-06-13T13:30:00,plant_b,91.54,32.02,52.56,0
2024-06-13T14:00:00,plant_b,90.22,30.78,55.6,0
2024-06-13T14:30:00,plant_b,89.06,30.53,58.51,0
2024-06-13T15:00:00,plant_b,91.99,28.82,61.11,0
2024-06-13T15:30:00,plant_b,90.68,28.2,62.55,0
2024-06-13T16:00:00,plant_b,88.69,27.69,65.25,0
2024-06-13T16:30:00,plant_b,89.49,26.03,67.59,0
2024-06-13T17:00:00,plant_b,89.02,26.13,68.9,0
2024-06-13T17:30:00,plant_b,88.04,25.85,74.35,0
2024-06-13T18:00:00,plant_b,87.3,25.27,75.03,0
2024-06-13T18:30:00,plant_b,89.26,25.0,74.05,0
2024-06-13T19:00:00,plant_b,88.78,24.74,72.29,0
2024-06-13T19:30:00,plant_b,87.82,23.85,78.01,0
2024-06-13T20:00:00,plant_b,89.59,24.27,77.46,0
2024-06-13T20:30:00,plant_b,91.48,24.38,78.03,0
2024-06-13T21:00:00,plant_b,88.92,24.69,73.91,0
2024-06-13T21:30:00,plant_b,87.77,24.88,71.25,0
2024-06-13T22:00:00,plant_b,89.04,25.26,74.26,0
2024-06-13T22:30:00,plant_b,87.86,27.02,69.63,0
2024-06-13T23:00:00,plant_b,87.22,26.62,73.93,0
2024-06-13T23:30:00,plant_b,87.12,27.66,67.05,0
2024-06-14T00:00:00,plant_b,89.74,30.54,72.48,0
2024-06-14T00:30:00,plant_b,90.2,30.95,71.19,0
2024-06-14T01:00:00,plant_b,86.59,31.83,67.03,0
2024-06-14T01:30:00,plant_b,86.93,32.47,61.94,0
2024-06-14T02:00:00,plant_b,88.23,33.66,58.02,0
2024-06-14T02:30:00,plant_b,87.8,34.55,58.78,0
2024-06-14T03:00:00,plant_b,87.83,34.56,54.0,0
2024-06-14T03:30:00,plant_b,86.57,36.33,48.97,0
2024-06-14T04:00:00,plant_b,87.86,36.08,51.05,0
2024-06-14T04:30:00,plant_b,87.99,37.25,47.72,0
2024-06-14T05:00:00,plant_b,86.53,38.02,44.92,0
2024-06-14T05:30:00,plant_b,87.69,38.29,39.55,0
2024-06-14T06:00:00,plant_b,86.07,39.31,44.0,0
2024-06-14T06:30:00,plant_b,86.67,39.0,40.16,0
2024-06-14T07:00:00,plant_b,87.15,39.54,38.35,0
2024-06-14T07:30:00,plant_b,87.03,39.95,37.88,0
2024-06-14T08:00:00,plant_b,85.84,39.7,40.22,0
2024-06-14T08:30:00,plant_b,85.37,39.25,38.61,0
2024-06-14T09:00:00,plant_b,86.14,39.48,39.79,0
2024-06-14T09:30:00,plant_b,83.84,38.62,41.62,0
2024-06-14T10:00:00,plant_b,83.8,38.8,41.28,0
2024-06-14T10:30:00,plant_b,84.32,38.28,45.78,0
2024-06-14T11:00:00,plant_b,85.17,37.63,42.79,0
2024-06-14T11:30:00,plant_b,85.21,37.62,47.87,0
2024-06-14T12:00:00,plant_b,85.77,36.7,47.18,0
2024-06-14T12:30:00,plant_b,84.1,36.02,52.57,0
2024-06-14T13:00:00,plant_b,83.34,35.04,54.51,0
2024-06-14T13:30:00,plant_b,85.24,34.7,57.5,0
2024-06-14T14:00:00,plant_b,83.98,33.1,57.49,0
2024-06-14T14:30:00,plant_b,83.19,33.14,62.34,0
2024-06-14T15:00:00,plant_b,83.77,31.36,62.12,0
2024-06-14T15:30:00,plant_b,84.26,31.2,64.82,0
2024-06-14T16:00:00,plant_b,83.8,30.61,73.56,0
2024-06-14T16:30:00,plant_b,84.08,30.0,71.09,0
2024-06-14T17:00:00,plant_b,82.7,29.23,71.12,0
2024-06-14T17:30:00,plant_b,83.4,28.86,70.87,0
2024-06-14T18:00:00,plant_b,81.4,27.98,77.93,0
2024-06-14T18:30:00,plant_b,82.0,28.56,75.23,0
2024-06-14T19:00:00,plant_b,80.66,28.14,77.47,0
2024-06-14T19:30:00,plant_b,80.59,27.35,77.83,0
2024-06-14T20:00:00,plant_b,82.44,27.96,76.76,0
2024-06-14T20:30:00,plant_b,81.38,27.57,79.09,0
2024-06-14T21:00:00,plant_b,82.67,27.76,77.59,0
2024-06-14T21:30:00,plant_b,80.29,27.24,77.06,0
2024-06-14T22:00:00,plant_b,81.6,28.68,75.89,0
2024-06-14T22:30:00,plant_b,84.34,28.72,74.28,0
2024-06-14T23:00:00,plant_b,81.98,28.88,73.59,0
2024-06-14T23:30:00,plant_b,79.02,30.13,71.41,0
2024-06-15T00:00:00,plant_b,81.63,27.5,63.48,0
2024-06-15T00:30:00,plant_b,80.17,28.77,63.79,0
2024-06-15T01:00:00,plant_b,80.41,29.05,61.18,0
2024-06-15T01:30:00,plant_b,83.34,30.1,58.62,0
2024-06-15T02:00:00,plant_b,80.34,31.15,55.24,0
2024-06-15T02:30:00,plant_b,79.7,30.73,51.49,0
2024-06-15T03:00:00,plant_b,80.19,32.29,51.59,0
2024-06-15T03:30:00,plant_b,81.88,32.79,48.99,0
2024-06-15T04:00:00,plant_b,83.09,33.8,47.8,0
2024-06-15T04:30:00,plant_b,78.44,33.79,42.09,0
2024-06-15T05:00:00,plant_b,76.91,34.71,43.34,0
2024-06-15T05:30:00,plant_b,79.36,35.27,38.25,0
2024-06-15T06:00:00,plant_b,79.28,35.75,36.28,0
2024-06-15T06:30:00,plant_b,81.15,35.21,37.4,0
2024-06-15T07:00:00,plant_b,79.0,36.83,37.22,0
2024-06-15T07:30:00,plant_b,76.92,35.42,34.06,0
2024-06-15T08:00:00,plant_b,78.64,36.36,35.44,0
2024-06-15T08:30:00,plant_b,79.87,35.84,32.86,0
2024-06-15T09:00:00,plant_b,79.17,36.09,35.92,0
2024-06-15T09:30:00,plant_b,77.89,35.91,39.15,0
2024-06-15T10:00:00,plant_b,76.5,35.14,39.04,0
2024-06-15T10:30:00,plant_b,80.11,35.11,37.63,0
2024-06-15T11:00:00,plant_b,75.61,34.78,39.38,0
2024-06-15T11:30:00,plant_b,80.4,35.02,43.56,0
2024-06-15T12:00:00,plant_b,78.14,33.39,47.11,0
2024-06-15T12:30:00,plant_b,77.33,32.76,49.78,0
2024-06-15T13:00:00,plant_b,77.87,32.84,47.76,0
2024-06-15T13:30:00,plant_b,76.23,30.86,54.05,0
2024-06-15T14:00:00,plant_b,76.09,30.68,53.64,0
2024-06-15T14:30:00,plant_b,76.37,30.57,60.46,0
2024-06-15T15:00:00,plant_b,74.03,29.03,61.81,0
2024-06-15T15:30:00,plant_b,75.51,27.7,64.04,0
2024-06-15T16:00:00,plant_b,76.05,27.66,65.16,0
2024-06-15T16:30:00,plant_b,78.56,26.42,66.82,0
2024-06-15T17:00:00,plant_b,76.23,26.49,67.47,0
2024-06-15T17:30:00,plant_b,77.03,25.09,71.27,0
2024-06-15T18:00:00,plant_b,74.98,24.96,74.41,0
2024-06-15T18:30:00,plant_b,72.42,24.6,72.52,0
2024-06-15T19:00:00,plant_b,76.19,25.26,75.88,0
2024-06-15T19:30:00,plant_b,76.73,23.6,75.47,0
2024-06-15T20:00:00,plant_b,73.32,24.29,75.76,0
2024-06-15T20:30:00,plant_b,75.03,25.04,72.25,0
2024-06-15T21:00:00,plant_b,73.85,24.05,72.25,0
2024-06-15T21:30:00,plant_b,76.02,24.97,76.21,0
2024-06-15T22:00:00,plant_b,76.2,25.27,71.26,0
2024-06-15T22:30:00,plant_b,75.93,25.4,69.46,0
2024-06-15T23:00:00,plant_b,73.33,26.24,71.43,0
2024-06-15T23:30:00,plant_b,74.75,27.27,67.71,0
2024-06-16T00:00:00,plant_b,74.05,32.62,77.65,0
2024-06-16T00:30:00,plant_b,74.67,31.9,70.15,0
2024-06-16T01:00:00,plant_b,74.79,32.87,70.79,0
2024-06-16T01:30:00,plant_b,74.57,33.92,69.24,0
2024-06-16T02:00:00,plant_b,74.44,34.24,63.76,0
2024-06-16T02:30:00,plant_b,74.64,34.88,63.38,0
2024-06-16T03:00:00,plant_b,74.67,36.06,58.57,0
2024-06-16T03:30:00,plant_b,71.55,36.37,54.82,0
2024-06-16T04:00:00,plant_b,73.59,37.35,53.53,0
2024-06-16T04:30:00,plant_b,74.48,38.23,52.81,0
2024-06-16T05:00:00,plant_b,73.98,39.18,48.37,0
2024-06-16T05:30:00,plant_b,74.03,38.56,47.86,0
2024-06-16T06:00:00,plant_b,74.28,40.0,48.59,0
2024-06-16T06:30:00,plant_b,73.14,40.64,44.13,0
2024-06-16T07:00:00,plant_b,72.41,40.34,48.65,0
2024-06-16T07:30:00,plant_b,73.84,40.89,43.94,0
2024-06-16T08:00:00,plant_b,75.13,40.72,43.41,0
2024-06-16T08:30:00,plant_b,75.06,39.9,43.78,0
2024-06-16T09:00:00,plant_b,71.77,39.93,46.39,0
2024-06-16T09:30:00,plant_b,72.18,40.12,49.28,0
2024-06-16T10:00:00,plant_b,69.68,40.27,46.36,0
2024-06-16T10:30:00,plant_b,73.17,40.05,52.5,0
2024-06-16T11:00:00,plant_b,70.97,38.3,51.26,0
2024-06-16T11:30:00,plant_b,70.91,37.47,53.84,0
2024-06-16T12:00:00,plant_b,69.64,38.1,56.36,0
2024-06-16T12:30:00,plant_b,70.19,36.84,56.9,0
2024-06-16T13:00:00,plant_b,69.75,37.32,58.33,0
2024-06-16T13:30:00,plant_b,70.15,35.71,61.73,0
2024-06-16T14:00:00,plant_b,94.25,34.0,66.7,1
2024-06-16T14:30:00,plant_b,95.0,33.93,65.26,0
2024-06-16T15:00:00,plant_b,95.0,33.09,69.58,0
2024-06-16T15:30:00,plant_b,92.76,32.21,71.26,0
2024-06-16T16:00:00,plant_b,94.34,31.55,74.41,0
2024-06-16T16:30:00,plant_b,95.0,30.85,77.88,0
2024-06-16T17:00:00,plant_b,94.43,30.69,77.61,0
2024-06-16T17:30:00,plant_b,93.37,30.14,81.01,0
2024-06-16T18:00:00,plant_b,95.0,29.63,81.57,0
2024-06-16T18:30:00,plant_b,94.61,28.88,84.83,0
2024-06-16T19:00:00,plant_b,95.0,29.17,87.67,0
2024-06-16T19:30:00,plant_b,91.5,28.36,84.34,0
2024-06-16T20:00:00,plant_b,92.81,28.68,84.36,0
2024-06-16T20:30:00,plant_b,94.55,28.97,85.36,0
2024-06-16T21:00:00,plant_b,91.96,28.95,85.24,0
2024-06-16T21:30:00,plant_b,93.55,29.0,85.49,0
2024-06-16T22:00:00,plant_b,92.43,29.18,83.24,0
2024-06-16T22:30:00,plant_b,93.69,30.11,80.36,0
2024-06-16T23:00:00,plant_b,91.45,29.79,78.41,0
2024-06-16T23:30:00,plant_b,93.95,31.19,74.37,0
2024-06-17T00:00:00,plant_b,93.52,29.05,68.55,0
2024-06-17T00:30:00,plant_b,95.0,29.89,69.01,0
2024-06-17T01:00:00,plant_b,95.0,30.3,64.69,0
2024-06-17T01:30:00,plant_b,94.29,30.78,62.83,0
2024-06-17T02:00:00,plant_b,92.43,32.47,60.72,0
2024-06-17T02:30:00,plant_b,91.15,33.25,58.77,0
2024-06-17T03:00:00,plant_b,90.86,33.36,54.15,0
2024-06-17T03:30:00,plant_b,90.62,34.8,51.97,0
2024-06-17T04:00:00,plant_b,91.54,34.67,49.52,0
2024-06-17T04:30:00,plant_b,93.53,36.03,45.51,0
2024-06-17T05:00:00,plant_b,90.44,36.58,45.22,0
2024-06-17T05:30:00,plant_b,90.84,36.5,42.25,0
2024-06-17T06:00:00,plant_b,91.49,37.13,44.5,0
2024-06-17T06:30:00,plant_b,91.16,37.24,42.67,0
2024-06-17T07:00:00,plant_b,92.7,37.58,38.24,0
2024-06-17T07:30:00,plant_b,90.35,37.49,42.74,0
2024-06-17T08:00:00,plant_b,89.08,37.95,42.32,0
2024-06-17T08:30:00,plant_b,91.61,37.83,39.11,0
2024-06-17T09:00:00,plant_b,90.15,37.78,43.04,0
2024-06-17T09:30:00,plant_b,89.98,37.09,43.11,0
2024-06-17T10:00:00,plant_b,91.19,37.19,43.95,0
2024-06-17T10:30:00,plant_b,89.79,36.36,44.12,0
2024-06-17T11:00:00,plant_b,88.14,36.07,44.56,0
2024-06-17T11:30:00,plant_b,89.69,35.81,45.96,0
2024-06-17T12:00:00,plant_b,87.96,35.08,50.81,0
2024-06-17T12:30:00,plant_b,88.92,33.5,54.39,0
2024-06-17T13:00:00,plant_b,90.74,34.27,55.75,0
2024-06-17T13:30:00,plant_b,89.21,32.6,57.78,0
2024-06-17T14:00:00,plant_b,86.83,32.13,57.97,0
2024-06-17T14:30:00,plant_b,88.69,31.16,63.87,0
2024-06-17T15:00:00,plant_b,88.01,30.35,66.55,0
2024-06-17T15:30:00,plant_b,86.19,29.68,66.96,0
2024-06-17T16:00:00,plant_b,88.32,29.05,70.52,0
2024-06-17T16:30:00,plant_b,87.89,27.49,70.9,0
2024-06-17T17:00:00,plant_b,87.25,28.25,75.11,0
2024-06-17T17:30:00,plant_b,88.55,27.23,76.13,0
2024-06-17T18:00:00,plant_b,86.25,26.71,76.19,0
2024-06-17T18:30:00,plant_b,86.09,26.46,77.61,0
2024-06-17T19:00:00,plant_b,86.67,25.56,80.07,0
2024-06-17T19:30:00,plant_b,86.76,26.31,79.25,0
2024-06-17T20:00:00,plant_b,85.87,26.48,79.88,0
2024-06-17T20:30:00,plant_b,88.8,25.57,79.57,0
2024-06-17T21:00:00,plant_b,85.0,25.97,78.24,0
2024-06-17T21:30:00,plant_b,85.74,26.85,76.87,0
2024-06-17T22:00:00,plant_b,87.01,26.31,76.82,0
2024-06-17T22:30:00,plant_b,87.82,27.51,76.39,0
2024-06-17T23:00:00,plant_b,86.97,28.07,75.2,0
2024-06-17T23:30:00,plant_b,87.87,28.01,72.18,0
2024-06-18T00:00:00,plant_b,86.83,30.35,74.97,0
2024-06-18T00:30:00,plant_b,87.5,30.55,69.76,0
2024-06-18T01:00:00,plant_b,87.34,31.5,68.49,0
2024-06-18T01:30:00,plant_b,85.73,32.09,68.25,0
2024-06-18T02:00:00,plant_b,86.63,33.17,64.95,0
2024-06-18T02:30:00,plant_b,85.48,34.24,57.98,0
2024-06-18T03:00:00,plant_b,83.91,34.59,58.34,0
2024-06-18T03:30:00,plant_b,84.05,35.59,55.01,0
2024-06-18T04:00:00,plant_b,85.32,36.1,54.22,0
2024-06-18T04:30:00,plant_b,83.94,36.63,53.8,0
2024-06-18T05:00:00,plant_b,85.46,37.68,49.87,0
2024-06-18T05:30:00,plant_b,82.64,37.62,48.04,0
2024-06-18T06:00:00,plant_b,86.12,38.7,47.45,0
2024-06-18T06:30:00,plant_b,83.4,38.64,45.26,0
2024-06-18T07:00:00,plant_b,83.98,38.35,45.51,0
2024-06-18T07:30:00,plant_b,84.07,39.32,42.11,0
2024-06-18T08:00:00,plant_b,82.58,40.51,42.81,0
2024-06-18T08:30:00,plant_b,84.09,39.17,42.83,0
2024-06-18T09:00:00,plant_b,85.63,38.82,45.04,0
2024-06-18T09:30:00,plant_b,85.53,38.28,44.93,0
2024-06-18T10:00:00,plant_b,82.72,37.7,47.23,0
2024-06-18T10:30:00,plant_b,83.49,37.88,49.25,0
2024-06-18T11:00:00,plant_b,83.74,37.43,49.63,0
2024-06-18T11:30:00,plant_b,83.94,36.42,54.05,0
2024-06-18T12:00:00,plant_b,82.02,36.36,56.87,0
2024-06-18T12:30:00,plant_b,79.31,35.27,55.87,0
2024-06-18T13:00:00,plant_b,83.85,34.44,63.05,0
2024-06-18T13:30:00,plant_b,79.75,33.97,60.94,0
2024-06-18T14:00:00,plant_b,81.98,32.82,63.46,0
2024-06-18T14:30:00,plant_b,78.98,32.31,64.5,0
2024-06-18T15:00:00,plant_b,79.4,31.53,69.13,0
2024-06-18T15:30:00,plant_b,82.02,30.21,72.42,0
2024-06-18T16:00:00,plant_b,81.0,29.93,72.93,0
2024-06-18T16:30:00,plant_b,80.36,29.75,75.75,0
2024-06-18T17:00:00,plant_b,81.32,28.7,80.86,0
2024-06-18T17:30:00,plant_b,80.19,28.22,77.59,0
2024-06-18T18:00:00,plant_b,78.32,28.01,81.11,0
2024-06-18T18:30:00,plant_b,80.26,27.23,82.39,0
2024-06-18T19:00:00,plant_b,79.08,27.37,83.13,0
2024-06-18T19:30:00,plant_b,81.98,26.83,85.64,0
2024-06-18T20:00:00,plant_b,78.4,26.86,82.87,0
2024-06-18T20:30:00,plant_b,81.11,27.28,84.17,0
2024-06-18T21:00:00,plant_b,79.83,26.82,85.56,0
2024-06-18T21:30:00,plant_b,81.17,27.49,82.63,0
2024-06-18T22:00:00,plant_b,80.24,27.78,81.15,0
2024-06-18T22:30:00,plant_b,78.84,28.15,79.29,0
2024-06-18T23:00:00,plant_b,80.28,28.68,77.63,0
2024-06-18T23:30:00,plant_b,78.62,28.8,78.65,0
2024-06-19T00:00:00,plant_b,79.86,28.48,66.32,0
2024-06-19T00:30:00,plant_b,80.87,28.89,66.95,0
2024-06-19T01:00:00,plant_b,78.98,29.56,61.5,0
2024-06-19T01:30:00,plant_b,78.97,30.44,61.96,0
2024-06-19T02:00:00,plant_b,80.6,31.17,58.94,0
2024-06-19T02:30:00,plant_b,75.36,31.72,54.88,0
2024-06-19T03:00:00,plant_b,79.56,32.85,51.85,0
2024-06-19T03:30:00,plant_b,77.82,33.11,52.31,0
2024-06-19T04:00:00,plant_b,79.6,34.65,47.13,0
2024-06-19T04:30:00,plant_b,77.48,35.0,44.9,0
2024-06-19T05:00:00,plant_b,77.85,35.36,42.02,0
2024-06-19T05:30:00,plant_b,76.83,35.79,39.17,0
2024-06-19T06:00:00,plant_b,78.47,36.66,38.64,0
2024-06-19T06:30:00,plant_b,75.42,36.83,39.0,0
2024-06-19T07:00:00,plant_b,77.48,36.39,34.92,0
2024-06-19T07:30:00,plant_b,79.35,36.99,38.04,0
2024-06-19T08:00:00,plant_b,77.04,37.29,35.2,0
2024-06-19T08:30:00,plant_b,76.4,36.54,35.66,0
2024-06-19T09:00:00,plant_b,75.89,36.2,37.1,0
2024-06-19T09:30:00,plant_b,75.68,36.2,38.44,0
2024-06-19T10:00:00,plant_b,76.31,35.99,42.81,0
2024-06-19T10:30:00,plant_b,76.97,36.34,40.76,0
2024-06-19T11:00:00,plant_b,76.96,35.68,41.45,0
2024-06-19T11:30:00,plant_b,74.84,35.95,44.32,0
2024-06-19T12:00:00,plant_b,76.02,34.04,48.36,0
2024-06-19T12:30:00,plant_b,74.02,33.02,51.16,0
2024-06-19T13:00:00,plant_b,75.23,31.69,51.97,0
2024-06-19T13:30:00,plant_b,74.55,32.2,54.99,0
2024-06-19T14:00:00,plant_b,74.97,31.16,57.55,0
2024-06-19T14:30:00,plant_b,72.97,30.02,58.45,0
2024-06-19T15:00:00,plant_b,72.55,29.89,63.91,0
2024-06-19T15:30:00,plant_b,74.71,28.59,63.96,0
2024-06-19T16:00:00,plant_b,73.27,28.57,67.9,0
2024-06-19T16:30:00,plant_b,75.72,27.09,68.95,0
2024-06-19T17:00:00,plant_b,71.97,26.32,71.02,0
2024-06-19T17:30:00,plant_b,72.95,26.16,70.68,0
2024-06-19T18:00:00,plant_b,73.46,25.82,75.81,0
2024-06-19T18:30:00,plant_b,73.77,25.06,76.19,0
2024-06-19T19:00:00,plant_b,72.29,25.95,76.39,0
2024-06-19T19:30:00,plant_b,72.32,25.02,74.69,0
2024-06-19T20:00:00,plant_b,74.38,25.98,74.52,0
2024-06-19T20:30:00,plant_b,72.48,25.14,76.05,0
2024-06-19T21:00:00,plant_b,74.19,25.83,76.07,0
2024-06-19T21:30:00,plant_b,75.17,25.6,75.23,0
2024-06-19T22:00:00,plant_b,72.98,25.63,76.62,0
2024-06-19T22:30:00,plant_b,73.36,26.23,72.7,0
2024-06-19T23:00:00,plant_b,71.5,26.99,69.32,0
2024-06-19T23:30:00,plant_b,72.56,27.27,70.14,0
2024-06-20T00:00:00,plant_b,73.69,27.47,65.07,0
2024-06-20T00:30:00,plant_b,71.46,27.74,62.88,0
2024-06-20T01:00:00,plant_b,72.77,28.37,58.98,0
2024-06-20T01:30:00,plant_b,72.27,29.91,60.67,0
2024-06-20T02:00:00,plant_b,72.89,29.76,57.36,0
2024-06-20T02:30:00,plant_b,70.8,30.63,53.28,0
2024-06-20T03:00:00,plant_b,70.03,32.03,49.99,0
2024-06-20T03:30:00,plant_b,72.04,32.12,48.87,0
2024-06-20T04:00:00,plant_b,72.05,33.01,46.67,0
2024-06-20T04:30:00,plant_b,68.12,33.95,42.91,0
2024-06-20T05:00:00,plant_b,70.23,34.47,41.86,0
2024-06-20T05:30:00,plant_b,70.18,34.86,39.32,0
2024-06-20T06:00:00,plant_b,71.41,35.84,37.23,0
2024-06-20T06:30:00,plant_b,72.38,35.17,37.22,0
2024-06-20T07:00:00,plant_b,68.58,35.98,37.01,0
2024-06-20T07:30:00,plant_b,72.91,36.12,34.3,0
2024-06-20T08:00:00,plant_b,71.54,36.17,35.4,0
2024-06-20T08:30:00,plant_b,71.22,36.54,32.82,0
2024-06-20T09:00:00,plant_b,95.0,35.94,34.33,1
2024-06-20T09:30:00,plant_b,92.85,35.67,36.08,0
2024-06-20T10:00:00,plant_b,93.71,35.29,37.4,0
2024-06-20T10:30:00,plant_b,94.39,35.54,39.34,0
2024-06-20T11:00:00,plant_b,95.0,34.89,42.56,0
2024-06-20T11:30:00,plant_b,93.05,33.69,41.69,0
2024-06-20T12:00:00,plant_b,94.19,33.12,45.91,0
2024-06-20T12:30:00,plant_b,93.83,32.51,47.06,0
2024-06-20T13:00:00,plant_b,92.08,31.53,51.15,0
2024-06-20T13:30:00,plant_b,92.84,30.91,53.94,0
2024-06-20T14:00:00,plant_b,93.41,29.56,55.13,0
2024-06-20T14:30:00,plant_b,91.57,29.35,58.45,0
2024-06-20T15:00:00,plant_b,93.03,29.26,59.67,0
2024-06-20T15:30:00,plant_b,91.88,28.09,64.35,0
2024-06-20T16:00:00,plant_b,90.82,27.43,66.25,0
2024-06-20T16:30:00,plant_b,91.72,26.39,68.52,0
2024-06-20T17:00:00,plant_b,92.26,26.07,68.29,0
2024-06-20T17:30:00,plant_b,89.54,25.35,70.71,0
2024-06-20T18:00:00,plant_b,92.03,24.65,73.52,0
2024-06-20T18:30:00,plant_b,91.86,24.31,75.14,0
2024-06-20T19:00:00,plant_b,90.86,24.08,74.94,0
2024-06-20T19:30:00,plant_b,91.17,23.84,76.01,0
2024-06-20T20:00:00,plant_b,91.1,23.85,72.62,0
2024-06-20T20:30:00,plant_b,91.56,24.24,75.26,0
2024-06-20T21:00:00,plant_b,92.64,23.36,76.47,0
2024-06-20T21:30:00,plant_b,92.58,24.22,75.25,0
2024-06-20T22:00:00,plant_b,89.93,24.54,72.42,0
2024-06-20T22:30:00,plant_b,93.07,25.54,71.19,0
2024-06-20T23:00:00,plant_b,91.91,25.66,71.64,0
2024-06-20T23:30:00,plant_b,92.71,26.67,66.24,0
2024-06-21T00:00:00,plant_b,91.98,31.42,75.36,0
2024-06-21T00:30:00,plant_b,91.93,32.18,70.7,0
2024-06-21T01:00:00,plant_b,92.23,32.86,70.06,0
2024-06-21T01:30:00,plant_b,91.06,33.64,68.13,0
2024-06-21T02:00:00,plant_b,90.43,34.23,63.57,0
2024-06-21T02:30:00,plant_b,89.46,34.97,63.27,0
2024-06-21T03:00:00,plant_b,89.54,35.81,59.07,0
2024-06-21T03:30:00,plant_b,90.46,36.86,59.71,0
2024-06-21T04:00:00,plant_b,88.02,37.21,55.26,0
2024-06-21T04:30:00,plant_b,87.55,38.65,52.05,0
2024-06-21T05:00:00,plant_b,88.49,38.93,46.96,0
2024-06-21T05:30:00,plant_b,89.58,38.67,48.51,0
2024-06-21T06:00:00,plant_b,89.64,39.82,47.7,0
2024-06-21T06:30:00,plant_b,91.56,39.87,45.41,0
2024-06-21T07:00:00,plant_b,90.38,40.07,45.71,0
2024-06-21T07:30:00,plant_b,84.02,40.43,44.46,0
2024-06-21T08:00:00,plant_b,88.05,40.04,45.75,0
2024-06-21T08:30:00,plant_b,85.93,41.51,46.3,0
2024-06-21T09:00:00,plant_b,88.63,40.86,45.49,0
2024-06-21T09:30:00,plant_b,86.91,40.26,43.47,0
2024-06-21T10:00:00,plant_b,88.49,39.98,47.88,0
2024-06-21T10:30:00,plant_b,85.81,39.14,48.35,0
2024-06-21T11:00:00,plant_b,86.44,37.62,48.48,0
2024-06-21T11:30:00,plant_b,86.51,38.41,56.35,0
2024-06-21T12:00:00,plant_b,87.91,36.99,53.77,0
2024-06-21T12:30:00,plant_b,87.96,36.84,57.33,0
2024-06-21T13:00:00,plant_b,86.72,36.34,62.58,0
2024-06-21T13:30:00,plant_b,86.23,35.15,62.55,0
2024-06-21T14:00:00,plant_b,85.45,33.43,65.14,0
2024-06-21T14:30:00,plant_b,84.92,34.05,67.28,0
2024-06-21T15:00:00,plant_b,87.41,32.41,71.27,0
2024-06-21T15:30:00,plant_b,83.46,32.38,71.7,0
2024-06-21T16:00:00,plant_b,86.37,31.16,75.42,0
2024-06-21T16:30:00,plant_b,85.69,30.8,77.24,0
2024-06-21T17:00:00,plant_b,86.95,29.84,80.65,0
2024-06-21T17:30:00,plant_b,84.37,30.03,83.78,0
2024-06-21T18:00:00,plant_b,83.71,28.24,81.97,0
2024-06-21T18:30:00,plant_b,83.73,28.55,82.38,0
2024-06-21T19:00:00,plant_b,83.82,29.08,85.41,0
2024-06-21T19:30:00,plant_b,85.76,29.28,83.07,0
2024-06-21T20:00:00,plant_b,81.3,29.11,84.77,0
2024-06-21T20:30:00,plant_b,84.17,27.63,82.2,0
2024-06-21T21:00:00,plant_b,85.01,28.45,80.49,0
2024-06-21T21:30:00,plant_b,83.0,29.18,84.79,0
2024-06-21T22:00:00,plant_b,84.35,30.24,83.26,0
2024-06-21T22:30:00,plant_b,86.23,30.08,81.51,0
2024-06-21T23:00:00,plant_b,82.43,29.42,77.43,0
2024-06-21T23:30:00,plant_b,84.32,30.65,77.14,0
2024-06-22T00:00:00,plant_b,83.86,28.9,66.6,0
2024-06-22T00:30:00,plant_b,83.77,29.29,58.84,0
2024-06-22T01:00:00,plant_b,84.68,29.84,58.93,0
2024-06-22T01:30:00,plant_b,84.55,31.29,58.75,0
2024-06-22T02:00:00,plant_b,84.53,31.27,54.78,0
2024-06-22T02:30:00,plant_b,82.6,33.18,53.81,0
2024-06-22T03:00:00,plant_b,82.84,33.6,50.51,0
2024-06-22T03:30:00,plant_b,82.87,34.19,48.74,0
2024-06-22T04:00:00,plant_b,82.71,34.21,45.65,0
2024-06-22T04:30:00,plant_b,82.44,34.9,41.79,0
2024-06-22T05:00:00,plant_b,82.33,35.96,41.82,0
2024-06-22T05:30:00,plant_b,82.25,36.65,38.69,0
2024-06-22T06:00:00,plant_b,83.04,37.06,38.65,0
2024-06-22T06:30:00,plant_b,83.97,37.14,34.25,0
2024-06-22T07:00:00,plant_b,82.0,37.82,35.84,0
2024-06-22T07:30:00,plant_b,82.31,36.97,34.04,0
2024-06-22T08:00:00,plant_b,82.4,38.02,34.0,0
2024-06-22T08:30:00,plant_b,82.01,37.37,33.56,0
2024-06-22T09:00:00,plant_b,81.46,37.59,36.4,0
2024-06-22T09:30:00,plant_b,82.05,37.92,38.07,0
2024-06-22T10:00:00,plant_b,80.53,37.28,35.6,0
2024-06-22T10:30:00,plant_b,80.86,36.89,40.27,0
2024-06-22T11:00:00,plant_b,81.51,36.71,39.87,0
2024-06-22T11:30:00,plant_b,81.25,35.32,44.62,0
2024-06-22T12:00:00,plant_b,80.21,35.02,47.44,0
2024-06-22T12:30:00,plant_b,80.6,33.92,46.92,0
2024-06-22T13:00:00,plant_b,78.79,33.67,51.91,0
2024-06-22T13:30:00,plant_b,79.11,31.76,51.56,0
2024-06-22T14:00:00,plant_b,79.72,31.33,52.18,0
2024-06-22T14:30:00,plant_b,78.46,30.11,58.22,0
2024-06-22T15:00:00,plant_b,78.31,30.18,62.24,0
2024-06-22T15:30:00,plant_b,77.52,28.55,62.73,0
2024-06-22T16:00:00,plant_b,79.0,28.13,64.57,0
2024-06-22T16:30:00,plant_b,77.85,28.06,66.37,0
2024-06-22T17:00:00,plant_b,81.32,27.36,69.54,0
2024-06-22T17:30:00,plant_b,77.4,25.89,73.06,0
2024-06-22T18:00:00,plant_b,74.07,27.05,70.46,0
2024-06-22T18:30:00,plant_b,76.11,26.12,76.89,0
2024-06-22T19:00:00,plant_b,78.03,25.83,73.29,0
2024-06-22T19:30:00,plant_b,78.34,25.61,76.02,0
2024-06-22T20:00:00,plant_b,75.13,25.92,75.6,0
2024-06-22T20:30:00,plant_b,75.79,25.34,74.73,0
2024-06-22T21:00:00,plant_b,76.78,26.03,72.29,0
2024-06-22T21:30:00,plant_b,76.26,27.01,72.33,0
2024-06-22T22:00:00,plant_b,76.77,26.44,72.02,0
2024-06-22T22:30:00,plant_b,78.7,26.72,72.27,0
2024-06-22T23:00:00,plant_b,76.19,27.77,68.94,0
2024-06-22T23:30:00,plant_b,76.99,28.02,68.12,0
2024-06-23T00:00:00,plant_b,75.64,29.21,69.38,0
2024-06-23T00:30:00,plant_b,77.55,30.16,64.94,0
2024-06-23T01:00:00,plant_b,76.75,30.15,61.75,0
2024-06-23T01:30:00,plant_b,76.55,31.96,57.78,0
2024-06-23T02:00:00,plant_b,76.31,33.06,56.1,0
2024-06-23T02:30:00,plant_b,75.93,33.53,53.13,0
2024-06-23T03:00:00,plant_b,77.6,34.08,51.7,0
2024-06-23T03:30:00,plant_b,75.35,34.4,49.75,0
2024-06-23T04:00:00,plant_b,76.38,35.86,47.43,0
2024-06-23T04:30:00,plant_b,74.18,36.3,41.14,0
2024-06-23T05:00:00,plant_b,76.44,36.41,42.89,0
2024-06-23T05:30:00,plant_b,76.57,37.15,40.43,0
2024-06-23T06:00:00,plant_b,77.04,37.14,39.97,0
2024-06-23T06:30:00,plant_b,75.57,38.52,35.37,0
2024-06-23T07:00:00,plant_b,75.29,38.84,39.05,0
2024-06-23T07:30:00,plant_b,74.19,38.44,39.26,0
2024-06-23T08:00:00,plant_b,73.24,38.58,36.59,0
2024-06-23T08:30:00,plant_b,74.97,38.18,37.95,0
2024-06-23T09:00:00,plant_b,75.63,39.12,35.82,0
2024-06-23T09:30:00,plant_b,73.78,38.58,40.57,0
2024-06-23T10:00:00,plant_b,74.13,37.19,38.68,0
2024-06-23T10:30:00,plant_b,75.09,37.63,42.13,0
2024-06-23T11:00:00,plant_b,76.02,36.67,40.83,0
2024-06-23T11:30:00,plant_b,72.04,36.21,45.68,0
2024-06-23T12:00:00,plant_b,75.33,35.69,46.35,0
2024-06-23T12:30:00,plant_b,72.87,35.39,47.53,0
2024-06-23T13:00:00,plant_b,72.69,34.12,51.11,0
2024-06-23T13:30:00,plant_b,74.76,33.03,57.4,0
2024-06-23T14:00:00,plant_b,71.6,32.27,55.34,0
2024-06-23T14:30:00,plant_b,72.96,31.81,60.62,0
2024-06-23T15:00:00,plant_b,70.99,30.38,60.95,0
2024-06-23T15:30:00,plant_b,72.13,29.72,63.82,0
2024-06-23T16:00:00,plant_b,72.26,29.28,65.09,0
2024-06-23T16:30:00,plant_b,70.14,28.89,69.19,0
2024-06-23T17:00:00,plant_b,74.6,28.83,68.58,0
2024-06-23T17:30:00,plant_b,69.33,27.8,74.55,0
2024-06-23T18:00:00,plant_b,71.83,27.19,75.15,0
2024-06-23T18:30:00,plant_b,72.59,27.64,73.21,0
2024-06-23T19:00:00,plant_b,71.36,26.29,74.44,0
2024-06-23T19:30:00,plant_b,69.21,26.55,74.0,0
2024-06-23T20:00:00,plant_b,71.6,26.6,75.03,0
2024-06-23T20:30:00,plant_b,71.19,27.27,76.67,0
2024-06-23T21:00:00,plant_b,69.85,26.69,75.49,0
2024-06-23T21:30:00,plant_b,69.67,26.37,74.24,0
2024-06-23T22:00:00,plant_b,71.96,27.07,70.75,0
2024-06-23T22:30:00,plant_b,70.33,28.28,69.61,0
2024-06-23T23:00:00,plant_b,70.64,28.52,71.27,0
2024-06-23T23:30:00,plant_b,71.05,29.19,66.13,0
2024-06-24T00:00:00,plant_b,71.0,29.62,69.87,0
2024-06-24T00:30:00,plant_b,70.58,29.37,69.81,0
2024-06-24T01:00:00,plant_b,69.27,31.17,64.8,0
2024-06-24T01:30:00,plant_b,95.0,31.07,65.63,1
2024-06-24T02:00:00,plant_b,92.51,32.21,57.08,0
2024-06-24T02:30:00,plant_b,93.3,33.61,58.95,0
2024-06-24T03:00:00,plant_b,92.21,33.62,54.09,0
2024-06-24T03:30:00,plant_b,95.0,35.1,53.53,0
2024-06-24T04:00:00,plant_b,94.9,35.27,48.56,0
2024-06-24T04:30:00,plant_b,95.0,36.09,47.1,0
2024-06-24T05:00:00,plant_b,93.35,36.89,46.37,0
2024-06-24T05:30:00,plant_b,92.64,36.66,43.64,0
2024-06-24T06:00:00,plant_b,93.8,37.23,42.5,0
2024-06-24T06:30:00,plant_b,95.0,37.94,43.95,0
2024-06-24T07:00:00,plant_b,91.55,37.91,42.64,0
2024-06-24T07:30:00,plant_b,94.29,37.74,39.24,0
2024-06-24T08:00:00,plant_b,94.4,37.98,41.17,0
2024-06-24T08:30:00,plant_b,93.25,37.97,40.55,0
2024-06-24T09:00:00,plant_b,91.87,38.54,41.7,0
2024-06-24T09:30:00,plant_b,94.34,37.4,40.91,0
2024-06-24T10:00:00,plant_b,92.07,36.92,43.89,0
2024-06-24T10:30:00,plant_b,93.09,36.62,43.85,0
2024-06-24T11:00:00,plant_b,92.46,36.01,45.44,0
2024-06-24T11:30:00,plant_b,93.66,35.42,47.25,0
2024-06-24T12:00:00,plant_b,94.57,34.22,48.42,0
2024-06-24T12:30:00,plant_b,93.49,34.2,53.29,0
2024-06-24T13:00:00,plant_b,93.66,33.33,54.13,0
2024-06-24T13:30:00,plant_b,91.39,32.82,56.8,0
2024-06-24T14:00:00,plant_b,90.53,31.54,60.9,0
2024-06-24T14:30:00,plant_b,91.48,31.22,62.47,0
2024-06-24T15:00:00,plant_b,90.95,30.3,64.91,0
2024-06-24T15:30:00,plant_b,90.02,30.36,67.78,0
2024-06-24T16:00:00,plant_b,89.79,29.0,69.62,0
2024-06-24T16:30:00,plant_b,88.61,28.05,73.66,0
2024-06-24T17:00:00,plant_b,88.93,27.86,73.63,0
2024-06-24T17:30:00,plant_b,87.88,27.12,78.16,0
2024-06-24T18:00:00,plant_b,88.85,26.6,76.88,0
2024-06-24T18:30:00,plant_b,88.84,26.62,78.06,0
2024-06-24T19:00:00,plant_b,89.02,26.08,80.05,0
2024-06-24T19:30:00,plant_b,89.43,26.2,80.98,0
2024-06-24T20:00:00,plant_b,88.86,26.55,80.9,0
2024-06-24T20:30:00,plant_b,90.7,26.09,80.44,0
2024-06-24T21:00:00,plant_b,88.04,26.28,80.74,0
2024-06-24T21:30:00,plant_b,88.37,27.12,78.71,0
2024-06-24T22:00:00,plant_b,90.67,26.45,77.1,0
2024-06-24T22:30:00,plant_b,88.15,27.71,77.03,0
2024-06-24T23:00:00,plant_b,88.62,27.64,74.3,0
2024-06-24T23:30:00,plant_b,89.56,28.75,72.28,0
2024-06-25T00:00:00,plant_b,88.03,29.57,71.62,0
2024-06-25T00:30:00,plant_b,88.74,30.05,71.69,0
2024-06-25T01:00:00,plant_b,87.56,31.58,68.69,0
2024-06-25T01:30:00,plant_b,89.32,32.49,64.87,0
2024-06-25T02:00:00,plant_b,87.68,32.32,60.42,0
2024-06-25T02:30:00,plant_b,88.94,32.72,56.68,0
2024-06-25T03:00:00,plant_b,89.65,34.48,56.87,0
2024-06-25T03:30:00,plant_b,88.8,35.13,53.49,0
2024-06-25T04:00:00,plant_b,85.8,36.04,52.09,0
2024-06-25T04:30:00,plant_b,85.79,36.24,48.54,0
2024-06-25T05:00:00,plant_b,87.17,36.64,48.11,0
2024-06-25T05:30:00,plant_b,86.94,36.82,46.56,0
2024-06-25T06:00:00,plant_b,87.65,37.15,44.72,0
2024-06-25T06:30:00,plant_b,87.99,38.01,43.23,0
2024-06-25T07:00:00,plant_b,85.86,37.62,42.89,0
2024-06-25T07:30:00,plant_b,86.5,38.65,41.24,0
2024-06-25T08:00:00,plant_b,86.12,38.59,41.33,0
2024-06-25T08:30:00,plant_b,87.29,38.3,39.43,0
2024-06-25T09:00:00,plant_b,86.23,37.8,38.3,0
2024-06-25T09:30:00,plant_b,84.53,37.89,41.75,0
2024-06-25T10:00:00,plant_b,83.79,37.63,45.93,0
2024-06-25T10:30:00,plant_b,86.42,37.29,46.94,0
2024-06-25T11:00:00,plant_b,84.67,36.42,48.3,0
2024-06-25T11:30:00,plant_b,83.67,36.31,49.21,0
2024-06-25T12:00:00,plant_b,84.31,35.34,53.13,0
2024-06-25T12:30:00,plant_b,82.62,34.93,53.34,0
2024-06-25T13:00:00,plant_b,83.41,34.09,56.72,0
2024-06-25T13:30:00,plant_b,84.01,33.41,60.93,0
2024-06-25T14:00:00,plant_b,83.15,32.69,58.81,0
2024-06-25T14:30:00,plant_b,84.22,31.0,64.98,0
2024-06-25T15:00:00,plant_b,82.9,31.04,64.42,0
2024-06-25T15:30:00,plant_b,83.32,30.56,70.01,0
2024-06-25T16:00:00,plant_b,83.09,29.52,73.14,0
2024-06-25T16:30:00,plant_b,83.83,28.62,72.73,0
2024-06-25T17:00:00,plant_b,81.98,28.27,73.82,0
2024-06-25T17:30:00,plant_b,80.07,27.68,77.67,0
2024-06-25T18:00:00,plant_b,82.76,27.76,76.8,0
2024-06-25T18:30:00,plant_b,81.81,26.41,80.27,0
2024-06-25T19:00:00,plant_b,82.2,26.54,80.8,0
2024-06-25T19:30:00,plant_b,81.39,26.17,83.62,0
2024-06-25T20:00:00,plant_b,83.14,26.45,79.11,0
2024-06-25T20:30:00,plant_b,81.84,26.81,81.51,0
2024-06-25T21:00:00,plant_b,83.26,27.22,80.61,0
2024-06-25T21:30:00,plant_b,81.44,26.78,79.28,0
2024-06-25T22:00:00,plant_b,83.05,27.16,76.22,0
2024-06-25T22:30:00,plant_b,82.49,27.73,76.59,0
2024-06-25T23:00:00,plant_b,79.54,28.75,76.61,0
2024-06-25T23:30:00,plant_b,80.51,28.93,71.97,0
2024-06-26T00:00:00,plant_b,80.12,26.48,73.16,0
2024-06-26T00:30:00,plant_b,82.68,27.9,69.56,0
2024-06-26T01:00:00,plant_b,83.61,28.47,65.39,0
2024-06-26T01:30:00,plant_b,81.53,29.76,64.16,0
2024-06-26T02:00:00,plant_b,79.54,30.01,63.02,0
2024-06-26T02:30:00,plant_b,81.98,30.44,57.55,0
2024-06-26T03:00:00,plant_b,79.82,31.86,60.13,0
2024-06-26T03:30:00,plant_b,80.53,32.64,53.14,0
2024-06-26T04:00:00,plant_b,83.85,33.08,51.23,0
2024-06-26T04:30:00,plant_b,80.81,33.44,51.03,0
2024-06-26T05:00:00,plant_b,80.49,34.23,46.96,0
2024-06-26T05:30:00,plant_b,78.1,34.86,42.71,0
2024-06-26T06:00:00,plant_b,79.71,35.32,43.79,0
2024-06-26T06:30:00,plant_b,79.41,35.53,45.37,0
2024-06-26T07:00:00,plant_b,81.69,36.05,44.39,0
2024-06-26T07:30:00,plant_b,79.43,36.15,40.92,0
2024-06-26T08:00:00,plant_b,80.46,36.57,40.06,0
2024-06-26T08:30:00,plant_b,79.63,36.06,40.81,0
2024-06-26T09:00:00,plant_b,79.21,35.35,42.02,0
2024-06-26T09:30:00,plant_b,81.3,36.04,41.81,0
2024-06-26T10:00:00,plant_b,79.49,35.55,44.19,0
2024-06-26T10:30:00,plant_b,77.9,35.08,45.24,0
2024-06-26T11:00:00,plant_b,78.18,34.86,49.07,0
2024-06-26T11:30:00,plant_b,76.61,33.79,52.23,0
2024-06-26T12:00:00,plant_b,80.09,33.47,54.41,0
2024-06-26T12:30:00,plant_b,79.16,32.57,51.34,0
2024-06-26T13:00:00,plant_b,77.42,31.36,57.02,0
2024-06-26T13:30:00,plant_b,79.37,31.2,58.2,0
2024-06-26T14:00:00,plant_b,75.66,29.54,59.13,0
2024-06-26T14:30:00,plant_b,78.81,29.88,64.41,0
2024-06-26T15:00:00,plant_b,76.48,28.75,67.15,0
2024-06-26T15:30:00,plant_b,78.15,28.18,66.67,0
2024-06-26T16:00:00,plant_b,77.57,26.55,71.38,0
2024-06-26T16:30:00,plant_b,74.47,26.69,72.28,0
2024-06-26T17:00:00,plant_b,74.33,25.66,77.36,0
2024-06-26T17:30:00,plant_b,75.63,25.83,79.9,0
2024-06-26T18:00:00,plant_b,76.01,25.35,77.86,0
2024-06-26T18:30:00,plant_b,75.51,24.32,81.3,0
2024-06-26T19:00:00,plant_b,76.6,24.91,81.27,0
2024-06-26T19:30:00,plant_b,76.5,24.32,80.98,0
2024-06-26T20:00:00,plant_b,75.95,24.61,85.3,0
2024-06-26T20:30:00,plant_b,76.16,23.93,80.35,0
2024-06-26T21:00:00,plant_b,73.67,24.56,79.66,0
2024-06-26T21:30:00,plant_b,76.82,24.66,81.43,0
2024-06-26T22:00:00,plant_b,75.33,25.26,77.76,0
2024-06-26T22:30:00,plant_b,75.08,25.39,77.71,0
2024-06-26T23:00:00,plant_b,75.24,26.35,75.44,0
2024-06-26T23:30:00,plant_b,76.05,26.8,76.63,0
2024-06-27T00:00:00,plant_b,70.96,29.63,76.79,0
2024-06-27T00:30:00,plant_b,71.79,31.18,72.68,0
2024-06-27T01:00:00,plant_b,72.24,31.62,68.5,0
2024-06-27T01:30:00,plant_b,73.47,32.69,66.94,0
2024-06-27T02:00:00,plant_b,73.29,33.69,66.3,0
2024-06-27T02:30:00,plant_b,73.91,33.35,61.99,0
2024-06-27T03:00:00,plant_b,76.08,34.04,57.82,0
2024-06-27T03:30:00,plant_b,75.59,35.07,57.4,0
2024-06-27T04:00:00,plant_b,74.57,35.73,51.27,0
2024-06-27T04:30:00,plant_b,73.56,37.03,55.99,0
2024-06-27T05:00:00,plant_b,73.54,37.12,52.81,0
2024-06-27T05:30:00,plant_b,74.28,37.76,46.07,0
2024-06-27T06:00:00,plant_b,72.94,38.17,45.31,0
2024-06-27T06:30:00,plant_b,72.86,39.11,46.04,0
2024-06-27T07:00:00,plant_b,71.43,37.93,45.57,0
2024-06-27T07:30:00,plant_b,72.29,38.49,45.42,0
2024-06-27T08:00:00,plant_b,73.15,38.95,45.43,0
2024-06-27T08:30:00,plant_b,71.15,38.58,44.59,0
2024-06-27T09:00:00,plant_b,72.36,39.08,44.49,0
2024-06-27T09:30:00,plant_b,71.29,39.02,46.67,0
2024-06-27T10:00:00,plant_b,70.33,37.96,45.73,0
2024-06-27T10:30:00,plant_b,70.43,37.11,47.84,0
2024-06-27T11:00:00,plant_b,74.04,37.53,52.84,0
2024-06-27T11:30:00,plant_b,72.65,36.48,53.34,0
2024-06-27T12:00:00,plant_b,71.25,35.46,53.16,0
2024-06-27T12:30:00,plant_b,71.98,34.69,57.55,0
2024-06-27T13:00:00,plant_b,71.46,34.74,60.28,0
2024-06-27T13:30:00,plant_b,69.02,33.88,62.09,0
2024-06-27T14:00:00,plant_b,69.08,32.09,65.58,0
2024-06-27T14:30:00,plant_b,68.18,31.42,70.14,0
2024-06-27T15:00:00,plant_b,93.56,31.16,70.19,1
2024-06-27T15:30:00,plant_b,94.9,30.18,71.5,0
2024-06-27T16:00:00,plant_b,95.0,29.77,74.87,0
2024-06-27T16:30:00,plant_b,91.88,29.0,78.37,0
2024-06-27T17:00:00,plant_b,93.45,28.26,79.61,0
2024-06-27T17:30:00,plant_b,94.91,28.26,79.92,0
2024-06-27T18:00:00,plant_b,94.96,28.34,83.98,0
2024-06-27T18:30:00,plant_b,92.07,28.51,81.39,0
2024-06-27T19:00:00,plant_b,92.38,27.21,84.08,0
2024-06-27T19:30:00,plant_b,94.2,27.46,86.13,0
2024-06-27T20:00:00,plant_b,92.62,26.91,86.42,0
2024-06-27T20:30:00,plant_b,94.89,27.39,85.96,0
2024-06-27T21:00:00,plant_b,94.42,26.88,82.25,0
2024-06-27T21:30:00,plant_b,94.03,27.16,85.25,0
2024-06-27T22:00:00,plant_b,92.44,27.54,81.58,0
2024-06-27T22:30:00,plant_b,94.61,28.42,80.81,0
2024-06-27T23:00:00,plant_b,93.78,29.29,76.4,0
2024-06-27T23:30:00,plant_b,94.3,29.66,78.9,0
2024-06-28T00:00:00,plant_b,94.24,27.27,72.15,0
2024-06-28T00:30:00,plant_b,93.94,28.05,70.32,0
2024-06-28T01:00:00,plant_b,91.22,28.55,68.66,0
2024-06-28T01:30:00,plant_b,92.39,29.49,65.29,0
2024-06-28T02:00:00,plant_b,93.14,30.48,63.22,0
2024-06-28T02:30:00,plant_b,92.76,31.26,60.33,0
2024-06-28T03:00:00,plant_b,91.46,31.93,55.03,0
2024-06-28T03:30:00,plant_b,91.0,32.4,54.71,0
2024-06-28T04:00:00,plant_b,93.63,33.58,53.19,0
2024-06-28T04:30:00,plant_b,91.02,34.35,53.33,0
2024-06-28T05:00:00,plant_b,91.92,34.49,47.07,0
2024-06-28T05:30:00,plant_b,92.22,34.96,48.16,0
2024-06-28T06:00:00,plant_b,90.56,35.11,46.36,0
2024-06-28T06:30:00,plant_b,90.08,36.37,46.04,0
2024-06-28T07:00:00,plant_b,90.77,36.46,45.73,0
2024-06-28T07:30:00,plant_b,90.76,37.17,42.64,0
2024-06-28T08:00:00,plant_b,90.02,36.62,43.3,0
2024-06-28T08:30:00,plant_b,92.32,36.88,43.69,0
2024-06-28T09:00:00,plant_b,91.55,36.45,44.83,0
2024-06-28T09:30:00,plant_b,89.94,35.69,44.8,0
2024-06-28T10:00:00,plant_b,93.58,36.1,44.59,0
2024-06-28T10:30:00,plant_b,91.81,34.59,46.72,0
2024-06-28T11:00:00,plant_b,90.39,34.55,47.93,0
2024-06-28T11:30:00,plant_b,89.48,34.02,49.61,0
2024-06-28T12:00:00,plant_b,88.16,32.96,51.51,0
2024-06-28T12:30:00,plant_b,89.12,33.28,54.31,0
2024-06-28T13:00:00,plant_b,87.56,32.77,56.07,0
2024-06-28T13:30:00,plant_b,88.91,30.99,59.27,0
2024-06-28T14:00:00,plant_b,89.05,30.76,64.87,0
2024-06-28T14:30:00,plant_b,89.19,29.86,66.51,0
2024-06-28T15:00:00,plant_b,86.95,29.51,68.94,0
2024-06-28T15:30:00,plant_b,88.59,28.52,68.39,0
2024-06-28T16:00:00,plant_b,86.47,27.63,73.18,0
2024-06-28T16:30:00,plant_b,88.35,26.97,74.86,0
2024-06-28T17:00:00,plant_b,89.02,26.48,78.22,0
2024-06-28T17:30:00,plant_b,88.81,26.33,79.3,0
2024-06-28T18:00:00,plant_b,88.12,25.49,81.89,0
2024-06-28T18:30:00,plant_b,89.87,24.62,80.31,0
2024-06-28T19:00:00,plant_b,88.94,24.86,81.63,0
2024-06-28T19:30:00,plant_b,86.12,25.01,83.63,0
2024-06-28T20:00:00,plant_b,89.29,24.54,84.31,0
2024-06-28T20:30:00,plant_b,88.8,24.06,81.21,0
2024-06-28T21:00:00,plant_b,87.08,24.56,81.65,0
2024-06-28T21:30:00,plant_b,85.92,24.98,80.08,0
2024-06-28T22:00:00,plant_b,85.14,25.54,80.47,0
2024-06-28T22:30:00,plant_b,87.82,26.03,79.46,0
2024-06-28T23:00:00,plant_b,87.52,25.97,76.35,0
2024-06-28T23:30:00,plant_b,86.92,27.3,76.1,0
2024-06-29T00:00:00,plant_b,86.21,29.42,68.44,0
2024-06-29T00:30:00,plant_b,84.95,30.53,66.87,0
2024-06-29T01:00:00,plant_b,87.33,31.34,64.73,0
2024-06-29T01:30:00,plant_b,83.83,31.8,58.53,0
2024-06-29T02:00:00,plant_b,84.82,32.44,59.84,0
2024-06-29T02:30:00,plant_b,86.23,33.37,58.13,0
2024-06-29T03:00:00,plant_b,86.0,33.66,50.79,0
2024-06-29T03:30:00,plant_b,84.54,34.83,48.1,0
2024-06-29T04:00:00,plant_b,85.99,35.61,46.98,0
2024-06-29T04:30:00,plant_b,85.46,36.35,44.94,0
2024-06-29T05:00:00,plant_b,86.09,36.45,44.8,0
2024-06-29T05:30:00,plant_b,86.84,37.38,40.28,0
2024-06-29T06:00:00,plant_b,85.07,37.72,39.45,0
2024-06-29T06:30:00,plant_b,83.31,37.88,40.89,0
2024-06-29T07:00:00,plant_b,85.65,38.77,38.67,0
2024-06-29T07:30:00,plant_b,86.87,38.1,38.89,0
2024-06-29T08:00:00,plant_b,84.04,39.09,38.11,0
2024-06-29T08:30:00,plant_b,82.91,38.54,36.55,0
2024-06-29T09:00:00,plant_b,82.91,38.66,38.71,0
2024-06-29T09:30:00,plant_b,84.78,37.69,41.53,0
2024-06-29T10:00:00,plant_b,83.33,36.9,39.4,0
2024-06-29T10:30:00,plant_b,81.64,36.67,42.96,0
2024-06-29T11:00:00,plant_b,83.54,36.97,42.81,0
2024-06-29T11:30:00,plant_b,83.51,35.56,45.16,0
2024-06-29T12:00:00,plant_b,82.46,35.26,48.21,0
2024-06-29T12:30:00,plant_b,82.4,34.98,50.86,0
2024-06-29T13:00:00,plant_b,83.35,33.85,53.86,0
2024-06-29T13:30:00,plant_b,82.32,33.37,55.65,0
2024-06-29T14:00:00,plant_b,79.19,33.26,56.69,0
2024-06-29T14:30:00,plant_b,80.61,31.58,58.71,0
2024-06-29T15:00:00,plant_b,83.47,30.69,62.21,0
2024-06-29T15:30:00,plant_b,80.19,30.37,67.81,0
2024-06-29T16:00:00,plant_b,81.34,29.18,70.04,0
2024-06-29T16:30:00,plant_b,81.19,28.55,70.13,0
2024-06-29T17:00:00,plant_b,80.86,28.34,72.21,0
2024-06-29T17:30:00,plant_b,80.59,28.48,78.18,0
2024-06-29T18:00:00,plant_b,80.64,26.93,73.81,0
2024-06-29T18:30:00,plant_b,81.3,26.3,76.27,0
2024-06-29T19:00:00,plant_b,80.7,26.77,76.77,0
2024-06-29T19:30:00,plant_b,82.34,26.86,77.18,0
2024-06-29T20:00:00,plant_b,81.0,26.42,77.29,0
2024-06-29T20:30:00,plant_b,79.51,27.02,77.05,0
2024-06-29T21:00:00,plant_b,79.86,27.1,77.84,0
2024-06-29T21:30:00,plant_b,80.19,26.68,80.03,0
2024-06-29T22:00:00,plant_b,80.84,26.35,77.34,0
2024-06-29T22:30:00,plant_b,78.29,27.18,72.88,0
2024-06-29T23:00:00,plant_b,81.31,28.14,72.52,0
2024-06-29T23:30:00,plant_b,77.77,29.27,69.84,0
2024-06-30T00:00:00,plant_b,78.1,31.52,73.9,0
2024-06-30T00:30:00,plant_b,79.63,32.61,71.7,0
2024-06-30T01:00:00,plant_b,81.2,32.81,68.51,0
2024-06-30T01:30:00,plant_b,80.31,34.07,65.28,0
2024-06-30T02:00:00,plant_b,81.41,34.44,63.18,0
2024-06-30T02:30:00,plant_b,79.55,34.83,58.09,0
2024-06-30T03:00:00,plant_b,81.37,36.37,56.61,0
2024-06-30T03:30:00,plant_b,78.94,36.94,54.78,0
2024-06-30T04:00:00,plant_b,80.37,37.19,54.66,0
2024-06-30T04:30:00,plant_b,77.77,38.25,53.32,0
2024-06-30T05:00:00,plant_b,78.97,38.44,49.36,0
2024-06-30T05:30:00,plant_b,79.14,38.98,46.71,0
2024-06-30T06:00:00,plant_b,80.26,40.14,44.85,0
2024-06-30T06:30:00,plant_b,76.43,39.42,43.02,0
2024-06-30T07:00:00,plant_b,77.52,40.15,41.78,0
2024-06-30T07:30:00,plant_b,77.88,39.18,43.55,0
2024-06-30T08:00:00,plant_b,79.45,39.9,38.85,0
2024-06-30T08:30:00,plant_b,77.54,40.62,42.73,0
2024-06-30T09:00:00,plant_b,77.41,40.7,46.39,0
2024-06-30T09:30:00,plant_b,77.65,39.44,44.95,0
2024-06-30T10:00:00,plant_b,75.52,39.58,45.49,0
2024-06-30T10:30:00,plant_b,75.82,39.76,46.96,0
2024-06-30T11:00:00,plant_b,74.51,38.78,50.06,0
2024-06-30T11:30:00,plant_b,76.12,37.73,50.35,0
2024-06-30T12:00:00,plant_b,75.13,37.19,52.12,0
2024-06-30T12:30:00,plant_b,75.35,36.14,55.89,0
2024-06-30T13:00:00,plant_b,74.45,36.29,58.57,0
2024-06-30T13:30:00,plant_b,76.98,34.63,62.68,0
2024-06-30T14:00:00,plant_b,74.82,34.64,64.5,0
2024-06-30T14:30:00,plant_b,75.91,33.63,66.46,0
2024-06-30T15:00:00,plant_b,74.45,33.13,67.01,0
2024-06-30T15:30:00,plant_b,74.86,32.71,73.83,0
2024-06-30T16:00:00,plant_b,75.48,31.97,73.96,0
2024-06-30T16:30:00,plant_b,75.3,31.52,75.26,0
2024-06-30T17:00:00,plant_b,71.98,30.08,77.59,0
2024-06-30T17:30:00,plant_b,72.76,29.15,78.3,0
2024-06-30T18:00:00,plant_b,72.15,29.56,83.05,0
2024-06-30T18:30:00,plant_b,74.32,28.29,81.96,0
2024-06-30T19:00:00,plant_b,72.38,28.71,81.25,0
2024-06-30T19:30:00,plant_b,74.5,28.72,82.52,0
2024-06-30T20:00:00,plant_b,73.86,28.41,85.76,0
2024-06-30T20:30:00,plant_b,70.9,28.61,84.86,0
2024-06-30T21:00:00,plant_b,72.69,28.39,82.75,0
2024-06-30T21:30:00,plant_b,71.98,28.63,80.11,0
2024-06-30T22:00:00,plant_b,72.84,28.36,79.59,0
2024-06-30T22:30:00,plant_b,73.69,29.48,78.42,0
2024-06-30T23:00:00,plant_b,74.07,30.78,76.21,0
2024-06-30T23:30:00,plant_b,74.41,30.04,74.08,0
2024-07-01T00:00:00,plant_b,73.48,31.9,70.07,0
2024-07-01T00:30:00,plant_b,73.75,32.42,68.69,0
2024-07-01T01:00:00,plant_b,72.0,32.99,62.26,0
2024-07-01T01:30:00,plant_b,73.27,33.67,64.02,0
2024-07-01T02:00:00,plant_b,73.55,34.71,60.03,0
2024-07-01T02:30:00,plant_b,72.45,35.5,55.1,0
2024-07-01T03:00:00,plant_b,73.82,36.12,55.51,0
2024-07-01T03:30:00,plant_b,72.31,37.21,52.57,0
2024-07-01T04:00:00,plant_b,72.93,37.45,51.38,0
2024-07-01T04:30:00,plant_b,71.91,38.47,47.1,0
2024-07-01T05:00:00,plant_b,71.53,39.27,44.0,0
2024-07-01T05:30:00,plant_b,69.4,39.45,45.08,0
2024-07-01T06:00:00,plant_b,70.98,40.54,44.52,0
2024-07-01T06:30:00,plant_b,72.88,40.92,41.81,0
2024-07-01T07:00:00,plant_b,71.73,40.32,36.55,0
2024-07-01T07:30:00,plant_b,71.37,40.44,39.76,0
2024-07-01T08:00:00,plant_b,67.73,41.16,39.59,0
2024-07-01T08:30:00,plant_b,69.81,40.28,38.85,0
2024-07-01T09:00:00,plant_b,69.31,40.2,38.46,0
2024-07-01T09:30:00,plant_b,69.87,40.21,42.71,0
2024-07-01T10:00:00,plant_b,92.9,39.82,41.24,1
2024-07-01T10:30:00,plant_b,95.0,39.54,45.3,0
2024-07-01T11:00:00,plant_b,95.0,39.04,46.55,0
2024-07-01T11:30:00,plant_b,93.44,38.4,47.76,0
2024-07-01T12:00:00,plant_b,95.0,37.34,49.69,0
2024-07-01T12:30:00,plant_b,93.91,36.79,52.77,0
2024-07-01T13:00:00,plant_b,93.68,36.4,53.64,0
2024-07-01T13:30:00,plant_b,94.33,35.21,56.73,0
2024-07-01T14:00:00,plant_b,94.25,35.36,58.77,0
2024-07-01T14:30:00,plant_b,93.78,33.98,64.07,0
2024-07-01T15:00:00,plant_b,92.97,33.92,67.37,0
2024-07-01T15:30:00,plant_b,91.48,32.37,66.42,0
2024-07-01T16:00:00,plant_b,92.38,31.07,67.39,0
2024-07-01T16:30:00,plant_b,93.54,31.28,73.2,0
2024-07-01T17:00:00,plant_b,91.08,30.13,73.75,0
2024-07-01T17:30:00,plant_b,93.68,30.07,76.04,0
2024-07-01T18:00:00,plant_b,93.31,29.75,77.49,0
2024-07-01T18:30:00,plant_b,92.3,29.18,80.73,0
2024-07-01T19:00:00,plant_b,91.56,28.71,80.24,0
2024-07-01T19:30:00,plant_b,92.74,28.66,80.81,0
2024-07-01T20:00:00,plant_b,92.82,27.46,77.31,0
2024-07-01T20:30:00,plant_b,91.94,28.48,82.25,0
2024-07-01T21:00:00,plant_b,91.8,28.96,79.31,0
2024-07-01T21:30:00,plant_b,90.91,29.0,78.56,0
2024-07-01T22:00:00,plant_b,92.53,28.98,77.58,0
2024-07-01T22:30:00,plant_b,90.75,30.07,74.63,0
2024-07-01T23:00:00,plant_b,91.44,30.13,74.01,0
2024-07-01T23:30:00,plant_b,90.92,30.48,72.7,0
2024-07-02T00:00:00,plant_b,87.74,28.1,63.47,0
2024-07-02T00:30:00,plant_b,91.3,28.82,64.58,0
2024-07-02T01:00:00,plant_b,90.62,29.61,62.56,0
2024-07-02T01:30:00,plant_b,90.18,30.46,60.46,0
2024-07-02T02:00:00,plant_b,91.41,32.04,56.39,0
2024-07-02T02:30:00,plant_b,89.85,32.46,54.48,0
2024-07-02T03:00:00,plant_b,90.03,33.02,50.41,0
2024-07-02T03:30:00,plant_b,90.83,33.56,47.86,0
2024-07-02T04:00:00,plant_b,92.14,34.43,43.71,0
2024-07-02T04:30:00,plant_b,90.24,34.78,44.0,0
2024-07-02T05:00:00,plant_b,90.15,35.64,39.02,0
2024-07-02T05:30:00,plant_b,87.86,36.57,39.8,0
2024-07-02T06:00:00,plant_b,91.22,36.66,37.58,0
2024-07-02T06:30:00,plant_b,87.45,37.0,38.0,0
2024-07-02T07:00:00,plant_b,91.42,36.96,36.5,0
2024-07-02T07:30:00,plant_b,86.99,36.96,36.25,0
2024-07-02T08:00:00,plant_b,88.56,36.9,37.83,0
2024-07-02T08:30:00,plant_b,90.72,36.77,36.02,0
2024-07-02T09:00:00,plant_b,88.09,37.64,36.74,0
2024-07-02T09:30:00,plant_b,89.12,36.42,39.22,0
2024-07-02T10:00:00,plant_b,87.83,37.19,40.02,0
2024-07-02T10:30:00,plant_b,87.19,36.22,40.2,0
2024-07-02T11:00:00,plant_b,87.48,35.79,41.52,0
2024-07-02T11:30:00,plant_b,87.56,34.65,42.41,0
2024-07-02T12:00:00,plant_b,87.39,34.32,47.32,0
2024-07-02T12:30:00,plant_b,85.45,33.59,50.44,0
2024-07-02T13:00:00,plant_b,86.04,32.39,49.14,0
2024-07-02T13:30:00,plant_b,87.59,31.53,53.12,0
2024-07-02T14:00:00,plant_b,85.62,31.02,55.25,0
2024-07-02T14:30:00,plant_b,85.77,30.32,58.23,0
2024-07-02T15:00:00,plant_b,86.35,29.52,61.59,0
2024-07-02T15:30:00,plant_b,85.26,28.77,63.42,0
2024-07-02T16:00:00,plant_b,83.6,27.92,64.7,0
2024-07-02T16:30:00,plant_b,84.27,27.5,66.78,0
2024-07-02T17:00:00,plant_b,84.26,27.41,72.97,0
2024-07-02T17:30:00,plant_b,86.4,26.61,73.26,0
2024-07-02T18:00:00,plant_b,85.46,25.95,73.19,0
2024-07-02T18:30:00,plant_b,84.57,24.82,72.92,0
2024-07-02T19:00:00,plant_b,83.88,25.65,74.3,0
2024-07-02T19:30:00,plant_b,82.63,25.29,75.96,0
2024-07-02T20:00:00,plant_b,85.64,25.4,79.29,0
2024-07-02T20:30:00,plant_b,83.61,25.83,76.92,0
2024-07-02T21:00:00,plant_b,83.83,25.4,73.9,0
2024-07-02T21:30:00,plant_b,84.4,25.53,73.52,0
2024-07-02T22:00:00,plant_b,84.5,25.64,74.71,0
2024-07-02T22:30:00,plant_b,85.53,26.21,72.87,0
2024-07-02T23:00:00,plant_b,83.19,26.29,70.32,0
2024-07-02T23:30:00,plant_b,85.08,27.3,68.67,0
2024-07-03T00:00:00,plant_b,86.65,33.11,66.92,0
2024-07-03T00:30:00,plant_b,84.57,32.12,70.13,0
2024-07-03T01:00:00,plant_b,83.53,33.7,63.54,0
2024-07-03T01:30:00,plant_b,82.66,34.04,58.8,0
2024-07-03T02:00:00,plant_b,83.03,34.8,58.56,0
2024-07-03T02:30:00,plant_b,80.95,35.66,59.44,0
2024-07-03T03:00:00,plant_b,82.41,36.59,52.41,0
2024-07-03T03:30:00,plant_b,80.04,36.8,49.55,0
2024-07-03T04:00:00,plant_b,84.32,37.89,47.89,0
2024-07-03T04:30:00,plant_b,83.98,38.61,45.8,0
2024-07-03T05:00:00,plant_b,83.85,38.6,43.77,0
2024-07-03T05:30:00,plant_b,84.43,38.81,41.17,0
2024-07-03T06:00:00,plant_b,82.99,40.19,40.4,0
2024-07-03T06:30:00,plant_b,83.18,40.1,41.22,0
2024-07-03T07:00:00,plant_b,82.74,41.43,40.18,0
2024-07-03T07:30:00,plant_b,83.01,41.42,37.19,0
2024-07-03T08:00:00,plant_b,81.82,40.21,39.53,0
2024-07-03T08:30:00,plant_b,83.97,40.66,36.57,0
2024-07-03T09:00:00,plant_b,83.14,40.41,38.15,0
2024-07-03T09:30:00,plant_b,83.43,40.31,39.47,0
2024-07-03T10:00:00,plant_b,83.31,40.34,39.31,0
2024-07-03T10:30:00,plant_b,82.96,38.97,43.87,0
2024-07-03T11:00:00,plant_b,81.52,38.94,42.91,0
2024-07-03T11:30:00,plant_b,79.38,39.25,46.24,0
2024-07-03T12:00:00,plant_b,79.73,38.14,50.03,0
2024-07-03T12:30:00,plant_b,80.64,37.48,52.0,0
2024-07-03T13:00:00,plant_b,80.11,36.59,52.88,0
2024-07-03T13:30:00,plant_b,78.63,35.18,56.29,0
2024-07-03T14:00:00,plant_b,78.76,34.9,57.85,0
2024-07-03T14:30:00,plant_b,80.57,34.24,61.3,0
2024-07-03T15:00:00,plant_b,78.87,33.3,62.89,0
2024-07-03T15:30:00,plant_b,79.33,31.92,65.85,0
2024-07-03T16:00:00,plant_b,79.29,32.06,66.61,0
2024-07-03T16:30:00,plant_b,78.18,31.1,69.59,0
2024-07-03T17:00:00,plant_b,77.08,30.23,72.38,0
2024-07-03T17:30:00,plant_b,78.86,30.21,72.78,0
2024-07-03T18:00:00,plant_b,78.74,29.63,74.8,0
2024-07-03T18:30:00,plant_b,77.05,29.16,77.78,0
2024-07-03T19:00:00,plant_b,77.84,29.06,76.04,0
2024-07-03T19:30:00,plant_b,81.32,28.05,75.01,0
2024-07-03T20:00:00,plant_b,77.27,28.99,80.89,0
2024-07-03T20:30:00,plant_b,78.45,29.08,79.43,0
2024-07-03T21:00:00,plant_b,77.9,28.33,77.93,0
2024-07-03T21:30:00,plant_b,78.0,30.23,75.62,0
2024-07-03T22:00:00,plant_b,79.21,29.17,77.84,0
2024-07-03T22:30:00,plant_b,77.82,30.48,75.15,0
2024-07-03T23:00:00,plant_b,78.45,30.7,71.38,0
2024-07-03T23:30:00,plant_b,77.42,30.95,70.23,0
2024-07-04T00:00:00,plant_b,75.56,27.94,74.97,0
2024-07-04T00:30:00,plant_b,78.8,29.1,71.39,0
2024-07-04T01:00:00,plant_b,77.05,29.22,69.27,0
2024-07-04T01:30:00,plant_b,77.97,30.23,64.1,0
2024-07-04T02:00:00,plant_b,78.64,31.07,64.99,0
2024-07-04T02:30:00,plant_b,76.92,31.55,63.8,0
2024-07-04T03:00:00,plant_b,75.45,31.75,61.32,0
2024-07-04T03:30:00,plant_b,76.9,33.0,54.98,0
2024-07-04T04:00:00,plant_b,74.08,34.62,54.57,0
2024-07-04T04:30:00,plant_b,76.97,34.86,49.96,0
2024-07-04T05:00:00,plant_b,76.79,35.55,46.06,0
2024-07-04T05:30:00,plant_b,76.83,35.93,47.79,0
2024-07-04T06:00:00,plant_b,74.92,36.01,45.5,0
2024-07-04T06:30:00,plant_b,76.28,36.21,46.18,0
2024-07-04T07:00:00,plant_b,75.08,36.46,45.94,0
2024-07-04T07:30:00,plant_b,75.34,37.04,41.73,0
2024-07-04T08:00:00,plant_b,77.18,36.29,43.65,0
2024-07-04T08:30:00,plant_b,74.9,36.52,43.27,0
2024-07-04T09:00:00,plant_b,76.46,37.37,43.83,0
2024-07-04T09:30:00,plant_b,74.34,35.67,47.6,0
2024-07-04T10:00:00,plant_b,73.28,35.71,46.34,0
2024-07-04T10:30:00,plant_b,75.22,36.24,50.9,0
2024-07-04T11:00:00,plant_b,75.03,34.93,48.38,0
2024-07-04T11:30:00,plant_b,73.68,34.85,52.76,0
2024-07-04T12:00:00,plant_b,74.41,33.12,52.66,0
2024-07-04T12:30:00,plant_b,75.2,32.96,55.73,0
2024-07-04T13:00:00,plant_b,76.5,32.4,60.47,0
2024-07-04T13:30:00,plant_b,75.22,31.96,60.24,0
2024-07-04T14:00:00,plant_b,70.06,30.53,64.47,0
2024-07-04T14:30:00,plant_b,73.3,30.56,64.46,0
2024-07-04T15:00:00,plant_b,72.64,28.5,67.36,0
2024-07-04T15:30:00,plant_b,72.85,27.71,72.39,0
2024-07-04T16:00:00,plant_b,74.23,27.3,73.12,0
2024-07-04T16:30:00,plant_b,73.94,27.42,76.28,0
2024-07-04T17:00:00,plant_b,71.85,26.08,77.44,0
2024-07-04T17:30:00,plant_b,73.13,26.15,80.46,0
2024-07-04T18:00:00,plant_b,71.03,25.33,80.18,0
2024-07-04T18:30:00,plant_b,70.08,24.79,81.95,0
2024-07-04T19:00:00,plant_b,70.97,24.7,83.87,0
2024-07-04T19:30:00,plant_b,70.04,25.1,84.08,0
2024-07-04T20:00:00,plant_b,73.09,25.01,84.69,0
2024-07-04T20:30:00,plant_b,71.11,24.36,84.62,0
2024-07-04T21:00:00,plant_b,72.98,25.03,85.97,0
2024-07-04T21:30:00,plant_b,72.03,26.13,81.71,0
2024-07-04T22:00:00,plant_b,69.82,25.7,79.74,0
2024-07-04T22:30:00,plant_b,71.09,26.02,79.62,0
2024-07-04T23:00:00,plant_b,70.72,26.24,76.85,0
2024-07-04T23:30:00,plant_b,72.32,27.2,73.67,0
2024-07-05T00:00:00,plant_b,68.25,27.72,72.78,0
2024-07-05T00:30:00,plant_b,69.13,27.84,70.86,0
2024-07-05T01:00:00,plant_b,74.26,29.64,66.05,0
2024-07-05T01:30:00,plant_b,70.16,30.02,63.07,0
2024-07-05T02:00:00,plant_b,68.49,30.79,63.55,0
2024-07-05T02:30:00,plant_b,70.35,31.36,60.52,0
2024-07-05T03:00:00,plant_b,95.0,32.01,55.36,1
2024-07-05T03:30:00,plant_b,95.0,33.6,55.32,0
2024-07-05T04:00:00,plant_b,95.0,34.44,50.07,0
2024-07-05T04:30:00,plant_b,95.0,35.03,51.89,0
2024-07-05T05:00:00,plant_b,95.0,34.86,49.25,0
2024-07-05T05:30:00,plant_b,95.0,35.37,46.79,0
2024-07-05T06:00:00,plant_b,92.65,35.71,45.54,0
2024-07-05T06:30:00,plant_b,95.0,36.39,46.19,0
2024-07-05T07:00:00,plant_b,95.0,36.25,42.9,0
2024-07-05T07:30:00,plant_b,93.19,37.13,43.61,0
2024-07-05T08:00:00,plant_b,92.67,37.22,40.39,0
2024-07-05T08:30:00,plant_b,94.85,35.82,42.27,0
2024-07-05T09:00:00,plant_b,92.39,36.91,43.43,0
2024-07-05T09:30:00,plant_b,90.41,35.85,43.01,0
2024-07-05T10:00:00,plant_b,94.25,36.7,46.07,0
2024-07-05T10:30:00,plant_b,94.32,35.31,47.12,0
2024-07-05T11:00:00,plant_b,92.54,34.66,47.7,0
2024-07-05T11:30:00,plant_b,91.73,34.68,50.93,0
2024-07-05T12:00:00,plant_b,91.28,33.64,49.52,0
2024-07-05T12:30:00,plant_b,92.32,33.1,54.67,0
2024-07-05T13:00:00,plant_b,92.15,32.2,55.74,0
2024-07-05T13:30:00,plant_b,90.55,31.49,60.08,0
2024-07-05T14:00:00,plant_b,90.34,30.67,60.37,0
2024-07-05T14:30:00,plant_b,90.37,29.37,63.99,0
2024-07-05T15:00:00,plant_b,91.31,29.36,67.31,0
2024-07-05T15:30:00,plant_b,90.21,28.91,68.25,0
2024-07-05T16:00:00,plant_b,90.83,27.56,72.78,0
2024-07-05T16:30:00,plant_b,89.96,26.98,75.01,0
2024-07-05T17:00:00,plant_b,89.21,26.12,75.78,0
2024-07-05T17:30:00,plant_b,88.34,26.15,77.32,0
2024-07-05T18:00:00,plant_b,88.21,25.8,80.29,0
2024-07-05T18:30:00,plant_b,89.39,25.19,82.21,0
2024-07-05T19:00:00,plant_b,89.19,25.16,79.98,0
2024-07-05T19:30:00,plant_b,90.1,24.84,82.97,0
2024-07-05T20:00:00,plant_b,89.02,24.55,80.56,0
2024-07-05T20:30:00,plant_b,89.04,24.72,80.25,0
2024-07-05T21:00:00,plant_b,90.73,25.46,78.63,0
2024-07-05T21:30:00,plant_b,86.62,24.7,81.08,0
2024-07-05T22:00:00,plant_b,92.36,25.18,79.21,0
2024-07-05T22:30:00,plant_b,90.72,25.89,79.91,0
2024-07-05T23:00:00,plant_b,90.21,26.59,77.83,0
2024-07-05T23:30:00,plant_b,90.19,26.63,74.28,0
2024-07-06T00:00:00,plant_b,88.18,31.94,64.74,0
2024-07-06T00:30:00,plant_b,87.62,32.65,64.21,0
2024-07-06T01:00:00,plant_b,90.35,33.46,63.89,0
2024-07-06T01:30:00,plant_b,90.13,34.6,53.87,0
2024-07-06T02:00:00,plant_b,87.51,35.11,54.58,0
2024-07-06T02:30:00,plant_b,87.68,35.98,54.03,0
2024-07-06T03:00:00,plant_b,87.77,37.17,50.76,0
2024-07-06T03:30:00,plant_b,89.4,37.2,49.06,0
2024-07-06T04:00:00,plant_b,87.51,37.59,46.23,0
2024-07-06T04:30:00,plant_b,86.17,38.82,44.56,0
2024-07-06T05:00:00,plant_b,87.16,39.49,40.86,0
2024-07-06T05:30:00,plant_b,85.2,39.85,38.63,0
2024-07-06T06:00:00,plant_b,85.76,40.19,40.69,0
2024-07-06T06:30:00,plant_b,86.36,40.11,40.35,0
2024-07-06T07:00:00,plant_b,85.45,41.06,37.89,0
2024-07-06T07:30:00,plant_b,86.11,40.82,35.45,0
2024-07-06T08:00:00,plant_b,86.01,40.87,35.5,0
2024-07-06T08:30:00,plant_b,84.65,41.16,35.83,0
2024-07-06T09:00:00,plant_b,87.38,40.66,41.47,0
2024-07-06T09:30:00,plant_b,86.89,39.93,36.03,0
2024-07-06T10:00:00,plant_b,84.94,39.95,36.77,0
2024-07-06T10:30:00,plant_b,84.44,39.69,38.35,0
2024-07-06T11:00:00,plant_b,85.45,39.26,40.92,0
2024-07-06T11:30:00,plant_b,86.07,38.61,46.03,0
2024-07-06T12:00:00,plant_b,85.92,37.84,46.33,0
2024-07-06T12:30:00,plant_b,85.45,37.37,46.37,0
2024-07-06T13:00:00,plant_b,85.79,36.25,53.09,0
2024-07-06T13:30:00,plant_b,84.68,35.45,53.95,0
2024-07-06T14:00:00,plant_b,85.98,34.63,54.0,0
2024-07-06T14:30:00,plant_b,83.74,34.65,61.56,0
2024-07-06T15:00:00,plant_b,85.09,32.53,61.39,0
2024-07-06T15:30:00,plant_b,83.09,32.56,62.58,0
2024-07-06T16:00:00,plant_b,83.16,31.45,70.04,0
2024-07-06T16:30:00,plant_b,83.4,31.07,66.88,0
2024-07-06T17:00:00,plant_b,84.32,30.92,72.45,0
2024-07-06T17:30:00,plant_b,83.45,29.98,71.34,0
2024-07-06T18:00:00,plant_b,81.99,29.57,74.91,0
2024-07-06T18:30:00,plant_b,82.14,29.5,76.17,0
2024-07-06T19:00:00,plant_b,82.16,29.52,76.51,0
2024-07-06T19:30:00,plant_b,83.07,28.97,76.65,0
2024-07-06T20:00:00,plant_b,81.51,28.59,76.94,0
2024-07-06T20:30:00,plant_b,83.55,28.89,77.15,0
2024-07-06T21:00:00,plant_b,82.14,28.82,75.9,0
2024-07-06T21:30:00,plant_b,82.84,29.11,74.15,0
2024-07-06T22:00:00,plant_b,81.74,29.8,71.67,0
2024-07-06T22:30:00,plant_b,82.63,30.27,72.74,0
2024-07-06T23:00:00,plant_b,81.6,30.8,69.05,0
2024-07-06T23:30:00,plant_b,81.34,31.59,66.75,0
2024-07-07T00:00:00,plant_b,81.35,28.53,69.18,0
2024-07-07T00:30:00,plant_b,80.27,29.23,64.23,0
2024-07-07T01:00:00,plant_b,83.86,30.1,62.61,0
2024-07-07T01:30:00,plant_b,81.89,31.32,57.71,0
2024-07-07T02:00:00,plant_b,80.33,31.85,57.26,0
2024-07-07T02:30:00,plant_b,79.77,32.26,55.83,0
2024-07-07T03:00:00,plant_b,81.77,34.1,50.57,0
2024-07-07T03:30:00,plant_b,79.47,33.57,52.01,0
2024-07-07T04:00:00,plant_b,80.05,34.15,49.43,0
2024-07-07T04:30:00,plant_b,80.11,35.86,46.36,0
2024-07-07T05:00:00,plant_b,80.08,36.36,45.29,0
2024-07-07T05:30:00,plant_b,82.55,36.36,41.86,0
2024-07-07T06:00:00,plant_b,82.39,37.4,41.27,0
2024-07-07T06:30:00,plant_b,79.47,36.89,37.58,0
2024-07-07T07:00:00,plant_b,79.15,37.47,37.1,0
2024-07-07T07:30:00,plant_b,81.04,36.68,37.18,0
2024-07-07T08:00:00,plant_b,79.18,38.0,38.99,0
2024-07-07T08:30:00,plant_b,78.33,37.8,36.81,0
2024-07-07T09:00:00,plant_b,79.97,37.07,39.08,0
2024-07-07T09:30:00,plant_b,81.17,38.12,41.36,0
2024-07-07T10:00:00,plant_b,77.96,36.75,39.49,0
2024-07-07T10:30:00,plant_b,78.25,35.82,41.4,0
2024-07-07T11:00:00,plant_b,80.1,36.9,44.72,0
2024-07-07T11:30:00,plant_b,78.78,35.68,43.66,0
2024-07-07T12:00:00,plant_b,77.3,35.08,47.86,0
2024-07-07T12:30:00,plant_b,77.65,34.4,47.69,0
2024-07-07T13:00:00,plant_b,79.27,32.99,53.88,0
2024-07-07T13:30:00,plant_b,77.65,32.84,57.09,0
2024-07-07T14:00:00,plant_b,76.22,32.1,58.97,0
2024-07-07T14:30:00,plant_b,78.94,30.77,62.6,0
2024-07-07T15:00:00,plant_b,77.91,30.03,64.89,0
2024-07-07T15:30:00,plant_b,76.4,29.83,65.71,0
2024-07-07T16:00:00,plant_b,76.81,28.79,69.73,0
2024-07-07T16:30:00,plant_b,76.41,28.34,71.28,0
2024-07-07T17:00:00,plant_b,75.33,27.89,74.56,0
2024-07-07T17:30:00,plant_b,76.84,27.16,72.8,0
2024-07-07T18:00:00,plant_b,77.65,25.95,75.75,0
2024-07-07T18:30:00,plant_b,77.85,25.94,77.5,0
2024-07-07T19:00:00,plant_b,75.02,26.23,75.4,0
2024-07-07T19:30:00,plant_b,75.31,25.56,78.19,0
2024-07-07T20:00:00,plant_b,73.68,26.36,78.67,0
2024-07-07T20:30:00,plant_b,75.08,26.41,78.0,0
2024-07-07T21:00:00,plant_b,75.92,26.08,79.91,0
2024-07-07T21:30:00,plant_b,75.75,25.79,76.82,0
2024-07-07T22:00:00,plant_b,76.03,26.55,74.55,0
2024-07-07T22:30:00,plant_b,74.52,26.32,74.8,0
2024-07-07T23:00:00,plant_b,74.46,27.26,73.12,0
2024-07-07T23:30:00,plant_b,76.73,27.69,69.86,0
2024-07-08T00:00:00,plant_b,74.84,31.78,69.41,0
2024-07-08T00:30:00,plant_b,74.22,32.45,67.72,0
2024-07-08T01:00:00,plant_b,73.83,33.02,64.77,0
2024-07-08T01:30:00,plant_b,74.61,34.31,63.31,0
2024-07-08T02:00:00,plant_b,74.65,34.39,58.69,0
2024-07-08T02:30:00,plant_b,74.9,35.77,60.25,0
2024-07-08T03:00:00,plant_b,77.99,36.01,56.09,0
2024-07-08T03:30:00,plant_b,73.12,37.62,54.8,0
2024-07-08T04:00:00,plant_b,75.46,37.82,50.77,0
2024-07-08T04:30:00,plant_b,71.14,38.73,49.79,0
2024-07-08T05:00:00,plant_b,74.37,38.49,48.13,0
2024-07-08T05:30:00,plant_b,74.29,39.42,43.44,0
2024-07-08T06:00:00,plant_b,72.47,39.74,43.49,0
2024-07-08T06:30:00,plant_b,72.43,40.82,41.83,0
2024-07-08T07:00:00,plant_b,73.44,40.48,43.86,0
2024-07-08T07:30:00,plant_b,72.43,40.45,39.23,0
2024-07-08T08:00:00,plant_b,74.44,40.75,41.21,0
2024-07-08T08:30:00,plant_b,73.34,41.25,40.97,0
2024-07-08T09:00:00,plant_b,72.1,40.14,43.2,0
2024-07-08T09:30:00,plant_b,73.3,40.32,41.52,0
2024-07-08T10:00:00,plant_b,73.04,40.02,43.81,0
2024-07-08T10:30:00,plant_b,72.01,39.53,45.7,0
2024-07-08T11:00:00,plant_b,71.37,38.7,44.25,0
2024-07-08T11:30:00,plant_b,72.44,38.19,51.12,0
2024-07-08T12:00:00,plant_b,69.36,37.65,51.86,0
2024-07-08T12:30:00,plant_b,70.44,37.07,53.74,0
2024-07-08T13:00:00,plant_b,71.69,36.04,51.03,0
2024-07-08T13:30:00,plant_b,70.93,35.4,57.26,0
2024-07-08T14:00:00,plant_b,69.03,34.79,61.56,0
2024-07-08T14:30:00,plant_b,72.31,33.47,65.36,0
2024-07-08T15:00:00,plant_b,70.24,32.83,66.89,0
2024-07-08T15:30:00,plant_b,71.09,32.07,70.98,0
2024-07-08T16:00:00,plant_b,95.0,31.09,69.26,1
2024-07-08T16:30:00,plant_b,95.0,30.71,73.28,0
2024-07-08T17:00:00,plant_b,94.81,30.29,76.58,0
2024-07-08T17:30:00,plant_b,93.97,29.38,73.38,0
2024-07-08T18:00:00,plant_b,94.28,29.28,80.15,0
2024-07-08T18:30:00,plant_b,93.47,29.45,79.01,0
2024-07-08T19:00:00,plant_b,95.0,28.39,79.68,0
2024-07-08T19:30:00,plant_b,94.94,29.11,82.06,0
2024-07-08T20:00:00,plant_b,92.45,29.02,80.95,0
2024-07-08T20:30:00,plant_b,92.03,28.41,80.27,0
2024-07-08T21:00:00,plant_b,92.97,29.31,81.09,0
2024-07-08T21:30:00,plant_b,95.0,28.68,76.94,0
2024-07-08T22:00:00,plant_b,94.39,29.4,79.58,0
2024-07-08T22:30:00,plant_b,94.61,29.88,78.04,0
2024-07-08T23:00:00,plant_b,93.88,30.42,78.08,0
2024-07-08T23:30:00,plant_b,95.0,30.51,70.77,0
2024-07-09T00:00:00,plant_b,95.0,30.77,70.4,0
2024-07-09T00:30:00,plant_b,92.92,31.78,67.63,0
2024-07-09T01:00:00,plant_b,91.96,31.68,62.19,0
2024-07-09T01:30:00,plant_b,92.0,33.66,61.81,0
2024-07-09T02:00:00,plant_b,93.11,34.4,62.57,0
2024-07-09T02:30:00,plant_b,92.34,35.02,57.43,0
2024-07-09T03:00:00,plant_b,90.56,35.88,55.59,0
2024-07-09T03:30:00,plant_b,91.71,36.33,53.45,0
2024-07-09T04:00:00,plant_b,92.84,36.56,50.34,0
2024-07-09T04:30:00,plant_b,92.88,37.9,48.1,0
2024-07-09T05:00:00,plant_b,91.09,38.36,48.31,0
2024-07-09T05:30:00,plant_b,91.55,38.91,46.31,0
2024-07-09T06:00:00,plant_b,93.41,39.68,43.71,0
2024-07-09T06:30:00,plant_b,93.69,40.03,40.88,0
2024-07-09T07:00:00,plant_b,92.22,39.84,40.26,0
2024-07-09T07:30:00,plant_b,91.29,39.09,41.84,0
2024-07-09T08:00:00,plant_b,92.53,40.41,42.62,0
2024-07-09T08:30:00,plant_b,90.6,39.83,43.09,0
2024-07-09T09:00:00,plant_b,92.42,39.45,37.74,0
2024-07-09T09:30:00,plant_b,90.65,39.06,42.22,0
2024-07-09T10:00:00,plant_b,91.88,38.57,43.69,0
2024-07-09T10:30:00,plant_b,89.03,39.7,44.81,0
2024-07-09T11:00:00,plant_b,90.84,37.77,43.26,0
2024-07-09T11:30:00,plant_b,88.9,37.22,50.19,0
2024-07-09T12:00:00,plant_b,88.45,37.28,51.23,0
2024-07-09T12:30:00,plant_b,89.46,35.25,52.12,0
2024-07-09T13:00:00,plant_b,90.54,35.72,55.65,0
2024-07-09T13:30:00,plant_b,87.44,34.78,58.37,0
2024-07-09T14:00:00,plant_b,88.36,34.12,59.54,0
2024-07-09T14:30:00,plant_b,86.33,32.91,62.18,0
2024-07-09T15:00:00,plant_b,90.01,32.68,65.7,0
2024-07-09T15:30:00,plant_b,87.71,31.88,70.5,0
2024-07-09T16:00:00,plant_b,87.03,30.69,72.33,0
2024-07-09T16:30:00,plant_b,88.6,30.12,74.51,0
2024-07-09T17:00:00,plant_b,88.53,29.33,75.16,0
2024-07-09T17:30:00,plant_b,87.73,29.85,77.38,0
2024-07-09T18:00:00,plant_b,88.19,28.81,78.7,0
2024-07-09T18:30:00,plant_b,85.83,27.82,79.66,0
2024-07-09T19:00:00,plant_b,87.88,27.99,76.92,0
2024-07-09T19:30:00,plant_b,86.01,28.22,80.62,0
2024-07-09T20:00:00,plant_b,86.47,27.58,81.0,0
2024-07-09T20:30:00,plant_b,86.99,27.94,79.67,0
2024-07-09T21:00:00,plant_b,87.3,28.27,78.98,0
2024-07-09T21:30:00,plant_b,89.07,28.17,79.33,0
2024-07-09T22:00:00,plant_b,85.17,28.35,79.3,0
2024-07-09T22:30:00,plant_b,87.87,29.27,75.46,0
2024-07-09T23:00:00,plant_b,87.4,29.31,76.35,0
2024-07-09T23:30:00,plant_b,83.79,30.14,71.58,0
2024-07-10T00:00:00,plant_b,88.38,28.66,72.46,0
2024-07-10T00:30:00,plant_b,88.43,29.63,65.8,0
2024-07-10T01:00:00,plant_b,85.67,29.99,66.38,0
2024-07-10T01:30:00,plant_b,86.9,30.42,64.39,0
2024-07-10T02:00:00,plant_b,85.11,31.6,60.99,0
2024-07-10T02:30:00,plant_b,86.04,33.15,59.7,0
2024-07-10T03:00:00,plant_b,84.49,32.84,57.15,0
2024-07-10T03:30:00,plant_b,86.08,34.29,52.99,0
2024-07-10T04:00:00,plant_b,87.3,35.05,51.78,0
2024-07-10T04:30:00,plant_b,84.89,35.64,46.01,0
2024-07-10T05:00:00,plant_b,85.28,35.73,45.3,0
2024-07-10T05:30:00,plant_b,84.32,35.7,46.6,0
2024-07-10T06:00:00,plant_b,85.07,36.87,44.04,0
2024-07-10T06:30:00,plant_b,86.46,37.82,41.48,0
2024-07-10T07:00:00,plant_b,85.26,37.17,42.39,0
2024-07-10T07:30:00,plant_b,84.9,38.05,42.02,0
2024-07-10T08:00:00,plant_b,85.63,37.95,40.74,0
2024-07-10T08:30:00,plant_b,83.02,37.82,43.3,0
2024-07-10T09:00:00,plant_b,83.79,37.26,42.21,0
2024-07-10T09:30:00,plant_b,86.12,36.87,38.5,0
2024-07-10T10:00:00,plant_b,83.16,36.98,43.07,0
2024-07-10T10:30:00,plant_b,83.37,36.3,43.77,0
2024-07-10T11:00:00,plant_b,82.47,36.13,47.32,0
2024-07-10T11:30:00,plant_b,81.33,36.03,49.09,0
2024-07-10T12:00:00,plant_b,83.67,34.63,50.99,0
2024-07-10T12:30:00,plant_b,81.44,34.67,55.07,0
2024-07-10T13:00:00,plant_b,82.28,32.77,54.97,0
2024-07-10T13:30:00,plant_b,83.06,32.37,56.8,0
2024-07-10T14:00:00,plant_b,82.33,31.39,62.61,0
2024-07-10T14:30:00,plant_b,83.07,31.22,62.15,0
2024-07-10T15:00:00,plant_b,81.98,30.63,62.64,0
2024-07-10T15:30:00,plant_b,81.8,30.01,70.98,0
2024-07-10T16:00:00,plant_b,80.23,28.85,72.17,0
2024-07-10T16:30:00,plant_b,82.66,27.35,69.77,0
2024-07-10T17:00:00,plant_b,81.25,27.7,74.56,0
2024-07-10T17:30:00,plant_b,80.53,27.49,78.69,0
2024-07-10T18:00:00,plant_b,80.09,26.61,76.19,0
2024-07-10T18:30:00,plant_b,82.77,25.63,77.48,0
2024-07-10T19:00:00,plant_b,79.52,25.52,81.84,0
2024-07-10T19:30:00,plant_b,83.29,25.9,79.93,0
2024-07-10T20:00:00,plant_b,81.29,25.38,82.61,0
2024-07-10T20:30:00,plant_b,80.32,25.96,79.4,0
2024-07-10T21:00:00,plant_b,80.06,25.3,79.95,0
2024-07-10T21:30:00,plant_b,81.33,25.46,77.57,0
2024-07-10T22:00:00,plant_b,79.65,26.42,77.79,0
2024-07-10T22:30:00,plant_b,80.14,27.09,76.42,0
2024-07-10T23:00:00,plant_b,78.14,27.62,76.55,0
2024-07-10T23:30:00,plant_b,80.44,27.38,73.13,0
2024-07-11T00:00:00,plant_b,80.58,31.53,66.81,0
2024-07-11T00:30:00,plant_b,81.42,33.27,64.54,0
2024-07-11T01:00:00,plant_b,80.37,33.3,61.25,0
2024-07-11T01:30:00,plant_b,81.3,34.52,60.23,0
2024-07-11T02:00:00,plant_b,78.88,35.51,58.25,0
2024-07-11T02:30:00,plant_b,77.83,36.14,54.33,0
2024-07-11T03:00:00,plant_b,79.59,35.67,49.32,0
2024-07-11T03:30:00,plant_b,80.32,36.91,50.26,0
2024-07-11T04:00:00,plant_b,77.42,37.33,49.56,0
2024-07-11T04:30:00,plant_b,79.98,38.52,44.85,0
2024-07-11T05:00:00,plant_b,77.91,39.31,44.32,0
2024-07-11T05:30:00,plant_b,78.14,39.88,38.29,0
2024-07-11T06:00:00,plant_b,80.67,40.52,39.33,0
2024-07-11T06:30:00,plant_b,77.97,41.03,37.46,0
2024-07-11T07:00:00,plant_b,78.66,40.59,35.99,0
2024-07-11T07:30:00,plant_b,79.3,40.71,37.56,0
2024-07-11T08:00:00,plant_b,77.47,40.87,36.44,0
2024-07-11T08:30:00,plant_b,76.91,41.16,36.73,0
2024-07-11T09:00:00,plant_b,78.54,41.02,39.21,0
2024-07-11T09:30:00,plant_b,76.71,40.73,37.95,0
2024-07-11T10:00:00,plant_b,77.06,39.83,38.66,0
2024-07-11T10:30:00,plant_b,77.62,39.54,39.73,0
2024-07-11T11:00:00,plant_b,77.66,39.31,40.72,0
2024-07-11T11:30:00,plant_b,76.55,39.03,46.16,0
2024-07-11T12:00:00,plant_b,75.55,37.48,46.14,0
2024-07-11T12:30:00,plant_b,77.59,37.52,45.6,0
2024-07-11T13:00:00,plant_b,76.78,35.59,54.42,0
2024-07-11T13:30:00,plant_b,76.55,35.55,54.24,0
2024-07-11T14:00:00,plant_b,76.12,34.72,57.39,0
2024-07-11T14:30:00,plant_b,74.96,34.04,61.59,0
2024-07-11T15:00:00,plant_b,72.48,33.39,59.78,0
2024-07-11T15:30:00,plant_b,74.52,32.34,68.17,0
2024-07-11T16:00:00,plant_b,73.94,31.87,65.77,0
2024-07-11T16:30:00,plant_b,75.47,31.06,67.89,0
2024-07-11T17:00:00,plant_b,76.49,30.99,71.24,0
2024-07-11T17:30:00,plant_b,77.0,29.91,71.34,0
2024-07-11T18:00:00,plant_b,73.03,30.21,73.08,0
2024-07-11T18:30:00,plant_b,75.3,29.13,72.45,0
2024-07-11T19:00:00,plant_b,72.81,29.24,77.8,0
2024-07-11T19:30:00,plant_b,75.25,29.12,77.55,0
2024-07-11T20:00:00,plant_b,70.44,29.03,76.75,0
2024-07-11T20:30:00,plant_b,73.18,28.71,77.84,0
2024-07-11T21:00:00,plant_b,74.86,29.91,75.72,0
2024-07-11T21:30:00,plant_b,72.49,30.13,74.69,0
2024-07-11T22:00:00,plant_b,72.78,29.17,74.64,0
2024-07-11T22:30:00,plant_b,74.1,30.5,72.89,0
2024-07-11T23:00:00,plant_b,74.0,30.9,71.61,0
2024-07-11T23:30:00,plant_b,74.74,31.61,69.15,0
2024-07-12T00:00:00,plant_b,72.55,30.52,73.05,0
2024-07-12T00:30:00,plant_b,72.89,30.62,74.77,0
2024-07-12T01:00:00,plant_b,71.78,31.91,70.11,0
2024-07-12T01:30:00,plant_b,73.87,32.4,66.65,0
2024-07-12T02:00:00,plant_b,72.46,32.11,62.77,0
2024-07-12T02:30:00,plant_b,74.21,33.66,61.51,0
2024-07-12T03:00:00,plant_b,75.61,34.37,57.98,0
2024-07-12T03:30:00,plant_b,72.02,34.7,54.96,0
2024-07-12T04:00:00,plant_b,70.48,36.42,53.55,0
2024-07-12T04:30:00,plant_b,69.51,37.18,53.2,0
2024-07-12T05:00:00,plant_b,71.51,37.82,50.66,0
2024-07-12T05:30:00,plant_b,70.72,38.07,48.33,0
2024-07-12T06:00:00,plant_b,70.69,37.99,47.21,0
2024-07-12T06:30:00,plant_b,74.33,38.73,45.75,0
2024-07-12T07:00:00,plant_b,70.14,38.89,44.29,0
2024-07-12T07:30:00,plant_b,70.79,38.89,44.01,0
2024-07-12T08:00:00,plant_b,70.39,39.7,46.99,0
2024-07-12T08:30:00,plant_b,69.97,39.0,44.74,0
2024-07-12T09:00:00,plant_b,71.39,38.69,43.74,0
2024-07-12T09:30:00,plant_b,71.19,38.09,48.76,0
2024-07-12T10:00:00,plant_b,70.63,38.27,46.37,0
2024-07-12T10:30:00,plant_b,68.77,38.68,47.92,0
2024-07-12T11:00:00,plant_b,94.48,38.15,51.32,1
2024-07-12T11:30:00,plant_b,94.54,37.03,51.24,0
2024-07-12T12:00:00,plant_b,94.12,36.11,54.36,0
2024-07-12T12:30:00,plant_b,95.0,36.29,53.0,0
2024-07-12T13:00:00,plant_b,95.0,35.16,58.76,0
2024-07-12T13:30:00,plant_b,93.37,33.24,63.1,0
2024-07-12T14:00:00,plant_b,92.36,33.46,63.29,0
2024-07-12T14:30:00,plant_b,91.52,32.58,67.26,0
2024-07-12T15:00:00,plant_b,92.15,31.99,71.8,0
2024-07-12T15:30:00,plant_b,93.68,31.08,70.47,0
2024-07-12T16:00:00,plant_b,91.67,30.04,74.02,0
2024-07-12T16:30:00,plant_b,92.77,29.47,79.83,0
2024-07-12T17:00:00,plant_b,93.29,28.57,76.26,0
2024-07-12T17:30:00,plant_b,90.38,28.04,80.65,0
2024-07-12T18:00:00,plant_b,92.0,27.73,82.12,0
2024-07-12T18:30:00,plant_b,92.89,27.81,82.37,0
2024-07-12T19:00:00,plant_b,92.08,26.88,80.47,0
2024-07-12T19:30:00,plant_b,91.07,26.94,82.52,0
2024-07-12T20:00:00,plant_b,91.76,27.01,81.96,0
2024-07-12T20:30:00,plant_b,91.78,27.39,83.01,0
2024-07-12T21:00:00,plant_b,92.83,27.53,83.82,0
2024-07-12T21:30:00,plant_b,91.35,27.82,83.42,0
2024-07-12T22:00:00,plant_b,89.45,28.43,80.47,0
2024-07-12T22:30:00,plant_b,92.51,27.52,79.13,0
2024-07-12T23:00:00,plant_b,89.66,28.9,78.33,0
2024-07-12T23:30:00,plant_b,92.16,29.56,74.21,0
2024-07-13T00:00:00,plant_b,93.11,27.41,74.2,0
2024-07-13T00:30:00,plant_b,90.49,28.41,70.25,0
2024-07-13T01:00:00,plant_b,92.6,29.69,69.99,0
2024-07-13T01:30:00,plant_b,91.0,29.78,67.15,0
2024-07-13T02:00:00,plant_b,89.96,30.98,65.3,0
2024-07-13T02:30:00,plant_b,90.63,31.89,62.97,0
2024-07-13T03:00:00,plant_b,91.77,33.29,57.39,0
2024-07-13T03:30:00,plant_b,89.2,32.76,56.76,0
2024-07-13T04:00:00,plant_b,88.64,33.73,55.96,0
2024-07-13T04:30:00,plant_b,91.3,35.26,53.81,0
2024-07-13T05:00:00,plant_b,91.52,34.98,50.03,0
2024-07-13T05:30:00,plant_b,91.23,36.05,45.96,0
